{"assets":[{"id":"50","layers":[{"ind":10,"ty":4,"parent":9,"ks":{},"ip":0,"op":143.8,"st":0,"shapes":[{"ty":"sh","ks":{"a":0,"k":{"c":true,"i":[[0,0],[0,0],[0,0],[0,0],[0,0],[-0.1,-0.6],[-0.1,-0.6],[-0.1,-0.4],[0,0],[0,0],[-0.1,0.5],[-0.1,0.6],[-0.2,0.6],[0,0],[0,0],[0,0],[0,0],[0,0],[0,0],[0,1.1],[0,0.8],[0,0.1],[0,0],[0,0],[0.2,-0.7],[0.2,-0.8],[0.2,-0.6],[0,0],[0,0],[0,0],[0,0],[0.2,0.7],[0.2,0.7],[0.1,0.6],[0,0],[0,0],[0,-0.9],[0,-0.9],[0,-0.7],[0,0],[0,0]],"v":[[7.2,33.6],[2.7,33.6],[2.7,8.9],[10.1,8.9],[14,22.7],[14.4,24.3],[14.9,26],[15.2,27.5],[15.2,27.5],[15.4,27.5],[15.7,26.1],[16,24.4],[16.5,22.6],[16.5,22.6],[20.3,8.9],[27.6,8.9],[27.6,33.6],[23,33.6],[23,21.1],[23,17.8],[23.1,15],[23.1,13.6],[23.1,13.6],[22.9,13.6],[22.5,15],[21.9,17.3],[21.3,19.5],[21.3,19.5],[17.2,33.6],[12.9,33.6],[8.9,19.5],[8.4,17.7],[7.8,15.5],[7.3,13.6],[7.3,13.6],[7.1,13.6],[7.1,15.9],[7.2,18.6],[7.2,21.1],[7.2,21.1],[7.2,33.6]],"o":[[0,0],[0,0],[0,0],[0,0],[0.1,0.5],[0.1,0.6],[0.1,0.6],[0,0],[0,0],[0,-0.4],[0.1,-0.5],[0.1,-0.6],[0,0],[0,0],[0,0],[0,0],[0,0],[0,0],[0,-1.1],[0,-1.1],[0,-0.8],[0,0],[0,0],[0,0.2],[-0.2,0.7],[-0.2,0.8],[0,0],[0,0],[0,0],[0,0],[-0.1,-0.5],[-0.2,-0.7],[-0.2,-0.7],[0,0],[0,0],[0,0.6],[0,0.9],[0,0.9],[0,0],[0,0],[0,0]]}}},{"ty":"fl","c":{"a":0,"k":[0.173,0.671,0.38]},"o":{"a":0,"k":100}}]},{"ind":9,"ty":3,"parent":8,"ks":{"p":{"a":0,"k":[58.788,0]}},"ip":0,"op":143.8,"st":0},{"ind":12,"ty":4,"parent":11,"ks":{},"ip":0,"op":143.8,"st":0,"shapes":[{"ty":"sh","ks":{"a":0,"k":{"c":true,"i":[[0,0],[0,0],[-0.5,1.9],[-0.8,1.8],[-1,1.6],[-1.1,1.2],[0,0],[0,0],[0,0],[0,0],[0,0],[0.9,-1.2],[0.8,-1.3],[0.6,-1.4],[0.4,-1.5],[0,-1.5],[0,0],[0,0]],"v":[[10,33.6],[5.3,33.6],[6,27.7],[8,22.1],[10.8,17.1],[14,12.9],[14,12.9],[1.7,12.9],[1.7,8.9],[19.3,8.9],[19.3,11.8],[16.8,15],[14.3,18.8],[12.1,22.9],[10.6,27.3],[10,31.8],[10,31.8],[10,33.6]],"o":[[0,0],[0,-2],[0.5,-1.9],[0.8,-1.8],[1,-1.6],[0,0],[0,0],[0,0],[0,0],[0,0],[-0.8,1],[-0.9,1.2],[-0.8,1.3],[-0.6,1.4],[-0.4,1.5],[0,0],[0,0],[0,0]]}}},{"ty":"fl","c":{"a":0,"k":[0.173,0.671,0.38]},"o":{"a":0,"k":100}}]},{"ind":11,"ty":3,"parent":8,"ks":{"p":{"a":0,"k":[38.772,0]}},"ip":0,"op":143.8,"st":0},{"ind":14,"ty":4,"parent":13,"ks":{},"ip":0,"op":143.8,"st":0,"shapes":[{"ty":"sh","ks":{"a":0,"k":{"c":true,"i":[[0,0],[0,0],[0,0],[0,0],[0,0],[0,0],[0,0],[-1,0.3],[-1,0.4],[-0.8,0.5],[0,0],[0,0],[0,0],[0,0],[0,0]],"v":[[19.4,33.6],[3.5,33.6],[3.5,30],[9.5,30],[9.5,14.5],[3.5,14.5],[3.5,11.8],[6,11.3],[9,10.2],[11.7,8.9],[11.7,8.9],[13.9,8.9],[13.9,30],[19.4,30],[19.4,33.6]],"o":[[0,0],[0,0],[0,0],[0,0],[0,0],[0,0],[0.7,-0.1],[1,-0.3],[1,-0.4],[0,0],[0,0],[0,0],[0,0],[0,0],[0,0]]}}},{"ty":"fl","c":{"a":0,"k":[0.173,0.671,0.38]},"o":{"a":0,"k":100}}]},{"ind":13,"ty":3,"parent":8,"ks":{"p":{"a":0,"k":[18.756,0]}},"ip":0,"op":143.8,"st":0},{"ind":16,"ty":4,"parent":15,"ks":{},"ip":0,"op":143.8,"st":0,"shapes":[{"ty":"sh","ks":{"a":0,"k":{"c":true,"i":[[0,0],[0,0],[0,0],[0,0],[0,0]],"v":[[10.8,35.4],[8.9,35.4],[8.9,7.6],[10.8,7.6],[10.8,35.4]],"o":[[0,0],[0,0],[0,0],[0,0],[0,0]]}}},{"ty":"sh","ks":{"a":0,"k":{"c":true,"i":[[0,0],[0,0],[1,0.3],[0.7,0.5],[0.3,0.7],[0,0.8],[0,0],[0,0.1],[0,0],[0,0],[0,0],[0,0],[0,0],[0,0],[-0.4,-0.4],[-0.6,-0.2],[-0.7,0],[0,0],[-0.6,0.1],[-0.4,0.3],[0,0.5],[0,0],[0.5,0.3],[0.8,0.2],[0.9,0.2],[0,0],[0.8,0.3],[0.6,0.4],[0.4,0.6],[0,1],[0,0],[-0.4,0.7],[-0.7,0.5],[-1,0.2],[-1.2,0],[0,0],[-0.9,-0.2],[-0.7,-0.4],[-0.4,-0.6],[0,-0.8],[0,0],[0,-0.2],[0,0],[0,0],[0,0],[0,0],[0.3,0.3],[0.5,0.2],[0.8,0],[0,0],[0.4,-0.1],[0.3,-0.2],[0.1,-0.2],[0,-0.3],[0,0],[-0.4,-0.3],[-0.6,-0.2],[-0.7,-0.2],[0,0],[-0.9,-0.3],[-0.8,-0.4],[-0.5,-0.7],[0,-1.2],[0,0],[0.4,-0.8],[0.8,-0.5],[1,-0.2],[1.2,0]],"v":[[9.7,31.2],[9.7,31.2],[6.1,30.7],[3.5,29.5],[2,27.6],[1.4,25.3],[1.4,25.3],[1.5,25],[1.5,24.8],[1.5,24.8],[5.8,24.8],[5.8,24.9],[5.8,25.1],[5.8,25.1],[6.4,26.6],[7.9,27.5],[9.9,27.7],[9.9,27.7],[11.7,27.5],[13.1,26.9],[13.6,25.7],[13.6,25.7],[12.9,24.3],[11,23.4],[8.5,22.8],[8.5,22.8],[6.2,22],[4,21],[2.5,19.4],[1.9,17],[1.9,17],[2.5,14.6],[4.2,12.8],[6.7,11.8],[9.9,11.4],[9.9,11.4],[13,11.8],[15.4,12.8],[17,14.4],[17.6,16.5],[17.6,16.5],[17.6,17],[17.5,17.3],[17.5,17.3],[13.2,17.3],[13.2,17.1],[12.8,15.9],[11.6,15.1],[9.7,14.8],[9.7,14.8],[8.2,15],[7.1,15.4],[6.5,15.9],[6.3,16.7],[6.3,16.7],[6.8,17.7],[8.3,18.4],[10.3,19],[10.3,19],[13,19.8],[15.5,20.7],[17.4,22.4],[18.1,25.1],[18.1,25.1],[17.5,28],[15.7,29.8],[13.1,30.9],[9.7,31.2]],"o":[[0,0],[-1.4,0],[-1,-0.3],[-0.7,-0.5],[-0.3,-0.7],[0,0],[0,-0.1],[0,-0.1],[0,0],[0,0],[0,0],[0,0],[0,0],[0,0.6],[0.4,0.4],[0.6,0.2],[0,0],[0.6,0],[0.6,-0.1],[0.4,-0.3],[0,0],[0,-0.6],[-0.5,-0.3],[-0.8,-0.2],[0,0],[-0.8,-0.2],[-0.8,-0.3],[-0.6,-0.4],[-0.4,-0.6],[0,0],[0,-0.9],[0.4,-0.7],[0.7,-0.5],[1,-0.2],[0,0],[1.1,0],[0.9,0.2],[0.7,0.4],[0.4,0.6],[0,0],[0,0.2],[0,0.2],[0,0],[0,0],[0,0],[0,-0.5],[-0.3,-0.3],[-0.5,-0.2],[0,0],[-0.6,0],[-0.4,0.1],[-0.3,0.2],[-0.1,0.2],[0,0],[0,0.5],[0.4,0.3],[0.6,0.2],[0,0],[0.9,0.2],[0.9,0.3],[0.8,0.4],[0.5,0.7],[0,0],[0,1.1],[-0.4,0.8],[-0.8,0.5],[-1,0.2],[0,0]]}}},{"ty":"fl","c":{"a":0,"k":[0.173,0.671,0.38]},"o":{"a":0,"k":100}}]},{"ind":15,"ty":3,"parent":8,"ks":{},"ip":0,"op":143.8,"st":0},{"ind":8,"ty":3,"parent":7,"ks":{},"ip":0,"op":143.8,"st":0},{"ind":7,"ty":3,"parent":6,"ks":{"p":{"a":0,"k":[63.441,0]}},"ip":0,"op":143.8,"st":0},{"ind":6,"ty":3,"parent":5,"ks":{"p":{"a":0,"k":[-23.893,0]}},"ip":0,"op":143.8,"st":0},{"ind":21,"ty":4,"parent":20,"ks":{},"ip":0,"op":143.8,"st":0,"shapes":[{"ty":"sh","ks":{"a":0,"k":{"c":true,"i":[[0,0],[0,0],[0,0],[0,0],[0,0],[-0.1,-0.6],[-0.1,-0.6],[-0.1,-0.4],[0,0],[0,0],[-0.1,0.5],[-0.1,0.6],[-0.2,0.6],[0,0],[0,0],[0,0],[0,0],[0,0],[0,0],[0,1.1],[0,0.8],[0,0.1],[0,0],[0,0],[0.2,-0.7],[0.2,-0.8],[0.2,-0.6],[0,0],[0,0],[0,0],[0,0],[0.2,0.7],[0.2,0.7],[0.1,0.6],[0,0],[0,0],[0,-0.9],[0,-0.9],[0,-0.7],[0,0],[0,0]],"v":[[7.2,33.6],[2.7,33.6],[2.7,8.9],[10.1,8.9],[14,22.7],[14.4,24.3],[14.9,26],[15.2,27.5],[15.2,27.5],[15.4,27.5],[15.7,26.1],[16,24.4],[16.5,22.6],[16.5,22.6],[20.3,8.9],[27.6,8.9],[27.6,33.6],[23,33.6],[23,21.1],[23,17.8],[23.1,15],[23.1,13.6],[23.1,13.6],[22.9,13.6],[22.5,15],[21.9,17.3],[21.3,19.5],[21.3,19.5],[17.2,33.6],[12.9,33.6],[8.9,19.5],[8.4,17.7],[7.8,15.5],[7.3,13.6],[7.3,13.6],[7.1,13.6],[7.1,15.9],[7.2,18.6],[7.2,21.1],[7.2,21.1],[7.2,33.6]],"o":[[0,0],[0,0],[0,0],[0,0],[0.1,0.5],[0.1,0.6],[0.1,0.6],[0,0],[0,0],[0,-0.4],[0.1,-0.5],[0.1,-0.6],[0,0],[0,0],[0,0],[0,0],[0,0],[0,0],[0,-1.1],[0,-1.1],[0,-0.8],[0,0],[0,0],[0,0.2],[-0.2,0.7],[-0.2,0.8],[0,0],[0,0],[0,0],[0,0],[-0.1,-0.5],[-0.2,-0.7],[-0.2,-0.7],[0,0],[0,0],[0,0.6],[0,0.9],[0,0.9],[0,0],[0,0],[0,0]]}}},{"ty":"fl","c":{"a":0,"k":[0.173,0.671,0.38]},"o":{"a":0,"k":100}}]},{"ind":20,"ty":3,"parent":19,"ks":{"p":{"a":0,"k":[58.752,0]}},"ip":0,"op":143.8,"st":0},{"ind":23,"ty":4,"parent":22,"ks":{},"ip":0,"op":143.8,"st":0,"shapes":[{"ty":"sh","ks":{"a":0,"k":{"c":true,"i":[[0,0],[0,0],[1.3,0.6],[0.7,1.2],[0,1.7],[0,0],[0,0],[-0.3,-0.7],[-0.6,-0.4],[-0.8,0],[0,0],[-0.6,0.4],[-0.3,0.7],[0,1.1],[0,0],[0.3,0.7],[0.6,0.3],[0.8,0],[0,0],[0.5,-0.2],[0.4,-0.3],[0.3,-0.4],[0,0],[0,0],[0,0],[0,0],[0,0],[0,0],[0,0],[-0.4,0.2],[-0.6,0.1],[-0.8,0],[0,0],[-1.1,-0.6],[-0.6,-1.2],[0,-1.8],[0,0],[0.7,-1.3],[1.3,-0.7],[1.8,0]],"v":[[10.3,34.1],[10.3,34.1],[5.8,33.1],[2.7,30.3],[1.7,26],[1.7,26],[6.2,26],[6.7,28.4],[8.1,29.9],[10.3,30.5],[10.3,30.5],[12.5,29.9],[13.9,28.3],[14.4,25.6],[14.4,25.6],[13.9,23.1],[12.5,21.6],[10.4,21.1],[10.4,21.1],[8.9,21.4],[7.6,22.1],[6.7,23.1],[6.7,23.1],[2.5,22.6],[3.5,8.9],[17.7,8.9],[17.7,12.9],[7.3,12.9],[6.9,19],[8.1,18.3],[9.6,17.8],[11.6,17.6],[11.6,17.6],[15.3,18.4],[18,21.1],[18.9,25.6],[18.9,25.6],[17.9,30.2],[14.9,33.1],[10.3,34.1]],"o":[[0,0],[-1.7,0],[-1.3,-0.6],[-0.7,-1.2],[0,0],[0,0],[0,0.9],[0.3,0.7],[0.6,0.4],[0,0],[0.8,0],[0.6,-0.4],[0.3,-0.7],[0,0],[0,-1],[-0.3,-0.7],[-0.6,-0.3],[0,0],[-0.6,0],[-0.5,0.2],[-0.4,0.3],[0,0],[0,0],[0,0],[0,0],[0,0],[0,0],[0,0],[0.3,-0.2],[0.4,-0.2],[0.6,-0.1],[0,0],[1.4,0],[1.1,0.6],[0.6,1.2],[0,0],[0,1.8],[-0.7,1.3],[-1.3,0.7],[0,0]]}}},{"ty":"fl","c":{"a":0,"k":[0.173,0.671,0.38]},"o":{"a":0,"k":100}}]},{"ind":22,"ty":3,"parent":19,"ks":{"p":{"a":0,"k":[38.772,0]}},"ip":0,"op":143.8,"st":0},{"ind":25,"ty":4,"parent":24,"ks":{},"ip":0,"op":143.8,"st":0,"shapes":[{"ty":"sh","ks":{"a":0,"k":{"c":true,"i":[[0,0],[0,0],[0,0],[0,0],[0,0],[0,0],[0,0],[-1,0.3],[-1,0.4],[-0.8,0.5],[0,0],[0,0],[0,0],[0,0],[0,0]],"v":[[19.4,33.6],[3.5,33.6],[3.5,30],[9.5,30],[9.5,14.5],[3.5,14.5],[3.5,11.8],[6,11.3],[9,10.2],[11.7,8.9],[11.7,8.9],[13.9,8.9],[13.9,30],[19.4,30],[19.4,33.6]],"o":[[0,0],[0,0],[0,0],[0,0],[0,0],[0,0],[0.7,-0.1],[1,-0.3],[1,-0.4],[0,0],[0,0],[0,0],[0,0],[0,0],[0,0]]}}},{"ty":"fl","c":{"a":0,"k":[0.173,0.671,0.38]},"o":{"a":0,"k":100}}]},{"ind":24,"ty":3,"parent":19,"ks":{"p":{"a":0,"k":[18.756,0]}},"ip":0,"op":143.8,"st":0},{"ind":27,"ty":4,"parent":26,"ks":{},"ip":0,"op":143.8,"st":0,"shapes":[{"ty":"sh","ks":{"a":0,"k":{"c":true,"i":[[0,0],[0,0],[0,0],[0,0],[0,0]],"v":[[10.8,35.4],[8.9,35.4],[8.9,7.6],[10.8,7.6],[10.8,35.4]],"o":[[0,0],[0,0],[0,0],[0,0],[0,0]]}}},{"ty":"sh","ks":{"a":0,"k":{"c":true,"i":[[0,0],[0,0],[1,0.3],[0.7,0.5],[0.3,0.7],[0,0.8],[0,0],[0,0.1],[0,0],[0,0],[0,0],[0,0],[0,0],[0,0],[-0.4,-0.4],[-0.6,-0.2],[-0.7,0],[0,0],[-0.6,0.1],[-0.4,0.3],[0,0.5],[0,0],[0.5,0.3],[0.8,0.2],[0.9,0.2],[0,0],[0.8,0.3],[0.6,0.4],[0.4,0.6],[0,1],[0,0],[-0.4,0.7],[-0.7,0.5],[-1,0.2],[-1.2,0],[0,0],[-0.9,-0.2],[-0.7,-0.4],[-0.4,-0.6],[0,-0.8],[0,0],[0,-0.2],[0,0],[0,0],[0,0],[0,0],[0.3,0.3],[0.5,0.2],[0.8,0],[0,0],[0.4,-0.1],[0.3,-0.2],[0.1,-0.2],[0,-0.3],[0,0],[-0.4,-0.3],[-0.6,-0.2],[-0.7,-0.2],[0,0],[-0.9,-0.3],[-0.8,-0.4],[-0.5,-0.7],[0,-1.2],[0,0],[0.4,-0.8],[0.8,-0.5],[1,-0.2],[1.2,0]],"v":[[9.7,31.2],[9.7,31.2],[6.1,30.7],[3.5,29.5],[2,27.6],[1.4,25.3],[1.4,25.3],[1.5,25],[1.5,24.8],[1.5,24.8],[5.8,24.8],[5.8,24.9],[5.8,25.1],[5.8,25.1],[6.4,26.6],[7.9,27.5],[9.9,27.7],[9.9,27.7],[11.7,27.5],[13.1,26.9],[13.6,25.7],[13.6,25.7],[12.9,24.3],[11,23.4],[8.5,22.8],[8.5,22.8],[6.2,22],[4,21],[2.5,19.4],[1.9,17],[1.9,17],[2.5,14.6],[4.2,12.8],[6.7,11.8],[9.9,11.4],[9.9,11.4],[13,11.8],[15.4,12.8],[17,14.4],[17.6,16.5],[17.6,16.5],[17.6,17],[17.5,17.3],[17.5,17.3],[13.2,17.3],[13.2,17.1],[12.8,15.9],[11.6,15.1],[9.7,14.8],[9.7,14.8],[8.2,15],[7.1,15.4],[6.5,15.9],[6.3,16.7],[6.3,16.7],[6.8,17.7],[8.3,18.4],[10.3,19],[10.3,19],[13,19.8],[15.5,20.7],[17.4,22.4],[18.1,25.1],[18.1,25.1],[17.5,28],[15.7,29.8],[13.1,30.9],[9.7,31.2]],"o":[[0,0],[-1.4,0],[-1,-0.3],[-0.7,-0.5],[-0.3,-0.7],[0,0],[0,-0.1],[0,-0.1],[0,0],[0,0],[0,0],[0,0],[0,0],[0,0.6],[0.4,0.4],[0.6,0.2],[0,0],[0.6,0],[0.6,-0.1],[0.4,-0.3],[0,0],[0,-0.6],[-0.5,-0.3],[-0.8,-0.2],[0,0],[-0.8,-0.2],[-0.8,-0.3],[-0.6,-0.4],[-0.4,-0.6],[0,0],[0,-0.9],[0.4,-0.7],[0.7,-0.5],[1,-0.2],[0,0],[1.1,0],[0.9,0.2],[0.7,0.4],[0.4,0.6],[0,0],[0,0.2],[0,0.2],[0,0],[0,0],[0,0],[0,-0.5],[-0.3,-0.3],[-0.5,-0.2],[0,0],[-0.6,0],[-0.4,0.1],[-0.3,0.2],[-0.1,0.2],[0,0],[0,0.5],[0.4,0.3],[0.6,0.2],[0,0],[0.9,0.2],[0.9,0.3],[0.8,0.4],[0.5,0.7],[0,0],[0,1.1],[-0.4,0.8],[-0.8,0.5],[-1,0.2],[0,0]]}}},{"ty":"fl","c":{"a":0,"k":[0.173,0.671,0.38]},"o":{"a":0,"k":100}}]},{"ind":26,"ty":3,"parent":19,"ks":{},"ip":0,"op":143.8,"st":0},{"ind":19,"ty":3,"parent":18,"ks":{},"ip":0,"op":143.8,"st":0},{"ind":18,"ty":3,"parent":17,"ks":{"p":{"a":0,"k":[63.477,0]}},"ip":0,"op":143.8,"st":0},{"ind":17,"ty":3,"parent":5,"ks":{"p":{"a":0,"k":[-23.893,128.966]}},"ip":0,"op":143.8,"st":0},{"ind":32,"ty":4,"parent":31,"ks":{},"ip":0,"op":143.8,"st":0,"shapes":[{"ty":"sh","ks":{"a":0,"k":{"c":true,"i":[[0,0],[0,0],[0,0],[0,0],[0,0],[-0.1,-0.6],[-0.1,-0.6],[-0.1,-0.4],[0,0],[0,0],[-0.1,0.5],[-0.1,0.6],[-0.2,0.6],[0,0],[0,0],[0,0],[0,0],[0,0],[0,0],[0,1.1],[0,0.8],[0,0.1],[0,0],[0,0],[0.2,-0.7],[0.2,-0.8],[0.2,-0.6],[0,0],[0,0],[0,0],[0,0],[0.2,0.7],[0.2,0.7],[0.1,0.6],[0,0],[0,0],[0,-0.9],[0,-0.9],[0,-0.7],[0,0],[0,0]],"v":[[7.2,33.6],[2.7,33.6],[2.7,8.9],[10.1,8.9],[14,22.7],[14.4,24.3],[14.9,26],[15.2,27.5],[15.2,27.5],[15.4,27.5],[15.7,26.1],[16,24.4],[16.5,22.6],[16.5,22.6],[20.3,8.9],[27.6,8.9],[27.6,33.6],[23,33.6],[23,21.1],[23,17.8],[23.1,15],[23.1,13.6],[23.1,13.6],[22.9,13.6],[22.5,15],[21.9,17.3],[21.3,19.5],[21.3,19.5],[17.2,33.6],[12.9,33.6],[8.9,19.5],[8.4,17.7],[7.8,15.5],[7.3,13.6],[7.3,13.6],[7.1,13.6],[7.1,15.9],[7.2,18.6],[7.2,21.1],[7.2,21.1],[7.2,33.6]],"o":[[0,0],[0,0],[0,0],[0,0],[0.1,0.5],[0.1,0.6],[0.1,0.6],[0,0],[0,0],[0,-0.4],[0.1,-0.5],[0.1,-0.6],[0,0],[0,0],[0,0],[0,0],[0,0],[0,0],[0,-1.1],[0,-1.1],[0,-0.8],[0,0],[0,0],[0,0.2],[-0.2,0.7],[-0.2,0.8],[0,0],[0,0],[0,0],[0,0],[-0.1,-0.5],[-0.2,-0.7],[-0.2,-0.7],[0,0],[0,0],[0,0.6],[0,0.9],[0,0.9],[0,0],[0,0],[0,0]]}}},{"ty":"fl","c":{"a":0,"k":[0.173,0.671,0.38]},"o":{"a":0,"k":100}}]},{"ind":31,"ty":3,"parent":30,"ks":{"p":{"a":0,"k":[58.788,0]}},"ip":0,"op":143.8,"st":0},{"ind":34,"ty":4,"parent":33,"ks":{},"ip":0,"op":143.8,"st":0,"shapes":[{"ty":"sh","ks":{"a":0,"k":{"c":true,"i":[[0,0],[0,0],[1.1,0.4],[0.8,0.9],[0.4,1.5],[0,2.3],[0,0],[-0.4,1.7],[-0.8,1],[-1.1,0.5],[-1.4,0],[0,0],[-1.1,-0.7],[-0.5,-1.2],[0,-1.5],[0,0],[0,0],[0.2,0.6],[0.5,0.3],[0.8,0],[0,0],[0.6,-0.6],[0.2,-1.2],[0,-1.6],[0,0],[-0.5,0.3],[-0.8,0.3],[-1,0],[0,0],[-1.1,-0.7],[-0.5,-1.2],[0,-1.6],[0,0],[0.7,-1.2],[1.2,-0.7],[1.6,0]],"v":[[10.9,34.1],[10.9,34.1],[7.1,33.4],[4.2,31.4],[2.4,27.7],[1.8,22],[1.8,22],[2.4,15.6],[4.2,11.4],[6.9,9.2],[10.7,8.5],[10.7,8.5],[15.1,9.5],[17.6,12.3],[18.4,16.2],[18.4,16.2],[13.9,16.2],[13.6,14],[12.5,12.6],[10.5,12.1],[10.5,12.1],[7.9,13.1],[6.7,15.8],[6.3,20],[6.3,20],[7.3,19.2],[9.1,18.2],[11.7,17.8],[11.7,17.8],[16,18.8],[18.4,21.7],[19.2,25.9],[19.2,25.9],[18.1,30.2],[15.2,33.1],[10.9,34.1]],"o":[[0,0],[-1.4,0],[-1.1,-0.4],[-0.8,-0.9],[-0.4,-1.5],[0,0],[0,-2.6],[0.4,-1.7],[0.8,-1],[1.1,-0.5],[0,0],[1.8,0],[1.1,0.7],[0.5,1.2],[0,0],[0,0],[0,-0.9],[-0.2,-0.6],[-0.5,-0.3],[0,0],[-1.2,0],[-0.6,0.6],[-0.2,1.2],[0,0],[0.1,-0.2],[0.5,-0.3],[0.8,-0.3],[0,0],[1.7,0],[1.1,0.7],[0.5,1.2],[0,0],[0,1.7],[-0.7,1.2],[-1.2,0.7],[0,0]]}}},{"ty":"sh","ks":{"a":0,"k":{"c":true,"i":[[0,0],[0,0],[-0.6,0.4],[-0.3,0.7],[0,0.8],[0,0],[0.3,0.7],[0.6,0.4],[0.9,0],[0,0],[0.6,-0.4],[0.3,-0.7],[0,-0.9],[0,0],[-0.3,-0.7],[-0.6,-0.4],[-0.9,0]],"v":[[10.7,30.5],[10.7,30.5],[12.9,29.8],[14.3,28.2],[14.7,25.9],[14.7,25.9],[14.3,23.5],[12.9,21.9],[10.7,21.3],[10.7,21.3],[8.4,21.9],[7.1,23.5],[6.7,25.9],[6.7,25.9],[7.1,28.2],[8.4,29.9],[10.7,30.5]],"o":[[0,0],[0.9,0],[0.6,-0.4],[0.3,-0.7],[0,0],[0,-0.9],[-0.3,-0.7],[-0.6,-0.4],[0,0],[-0.9,0],[-0.6,0.4],[-0.3,0.7],[0,0],[0,0.8],[0.3,0.7],[0.6,0.4],[0,0]]}}},{"ty":"fl","c":{"a":0,"k":[0.173,0.671,0.38]},"o":{"a":0,"k":100}}]},{"ind":33,"ty":3,"parent":30,"ks":{"p":{"a":0,"k":[38.772,0]}},"ip":0,"op":143.8,"st":0},{"ind":36,"ty":4,"parent":35,"ks":{},"ip":0,"op":143.8,"st":0,"shapes":[{"ty":"sh","ks":{"a":0,"k":{"c":true,"i":[[0,0],[0,0],[0,0],[0,0],[0,0],[0,0],[0,0],[-1,0.3],[-1,0.4],[-0.8,0.5],[0,0],[0,0],[0,0],[0,0],[0,0]],"v":[[19.4,33.6],[3.5,33.6],[3.5,30],[9.5,30],[9.5,14.5],[3.5,14.5],[3.5,11.8],[6,11.3],[9,10.2],[11.7,8.9],[11.7,8.9],[13.9,8.9],[13.9,30],[19.4,30],[19.4,33.6]],"o":[[0,0],[0,0],[0,0],[0,0],[0,0],[0,0],[0.7,-0.1],[1,-0.3],[1,-0.4],[0,0],[0,0],[0,0],[0,0],[0,0],[0,0]]}}},{"ty":"fl","c":{"a":0,"k":[0.173,0.671,0.38]},"o":{"a":0,"k":100}}]},{"ind":35,"ty":3,"parent":30,"ks":{"p":{"a":0,"k":[18.756,0]}},"ip":0,"op":143.8,"st":0},{"ind":38,"ty":4,"parent":37,"ks":{},"ip":0,"op":143.8,"st":0,"shapes":[{"ty":"sh","ks":{"a":0,"k":{"c":true,"i":[[0,0],[0,0],[0,0],[0,0],[0,0]],"v":[[10.8,35.4],[8.9,35.4],[8.9,7.6],[10.8,7.6],[10.8,35.4]],"o":[[0,0],[0,0],[0,0],[0,0],[0,0]]}}},{"ty":"sh","ks":{"a":0,"k":{"c":true,"i":[[0,0],[0,0],[1,0.3],[0.7,0.5],[0.3,0.7],[0,0.8],[0,0],[0,0.1],[0,0],[0,0],[0,0],[0,0],[0,0],[0,0],[-0.4,-0.4],[-0.6,-0.2],[-0.7,0],[0,0],[-0.6,0.1],[-0.4,0.3],[0,0.5],[0,0],[0.5,0.3],[0.8,0.2],[0.9,0.2],[0,0],[0.8,0.3],[0.6,0.4],[0.4,0.6],[0,1],[0,0],[-0.4,0.7],[-0.7,0.5],[-1,0.2],[-1.2,0],[0,0],[-0.9,-0.2],[-0.7,-0.4],[-0.4,-0.6],[0,-0.8],[0,0],[0,-0.2],[0,0],[0,0],[0,0],[0,0],[0.3,0.3],[0.5,0.2],[0.8,0],[0,0],[0.4,-0.1],[0.3,-0.2],[0.1,-0.2],[0,-0.3],[0,0],[-0.4,-0.3],[-0.6,-0.2],[-0.7,-0.2],[0,0],[-0.9,-0.3],[-0.8,-0.4],[-0.5,-0.7],[0,-1.2],[0,0],[0.4,-0.8],[0.8,-0.5],[1,-0.2],[1.2,0]],"v":[[9.7,31.2],[9.7,31.2],[6.1,30.7],[3.5,29.5],[2,27.6],[1.4,25.3],[1.4,25.3],[1.5,25],[1.5,24.8],[1.5,24.8],[5.8,24.8],[5.8,24.9],[5.8,25.1],[5.8,25.1],[6.4,26.6],[7.9,27.5],[9.9,27.7],[9.9,27.7],[11.7,27.5],[13.1,26.9],[13.6,25.7],[13.6,25.7],[12.9,24.3],[11,23.4],[8.5,22.8],[8.5,22.8],[6.2,22],[4,21],[2.5,19.4],[1.9,17],[1.9,17],[2.5,14.6],[4.2,12.8],[6.7,11.8],[9.9,11.4],[9.9,11.4],[13,11.8],[15.4,12.8],[17,14.4],[17.6,16.5],[17.6,16.5],[17.6,17],[17.5,17.3],[17.5,17.3],[13.2,17.3],[13.2,17.1],[12.8,15.9],[11.6,15.1],[9.7,14.8],[9.7,14.8],[8.2,15],[7.1,15.4],[6.5,15.9],[6.3,16.7],[6.3,16.7],[6.8,17.7],[8.3,18.4],[10.3,19],[10.3,19],[13,19.8],[15.5,20.7],[17.4,22.4],[18.1,25.1],[18.1,25.1],[17.5,28],[15.7,29.8],[13.1,30.9],[9.7,31.2]],"o":[[0,0],[-1.4,0],[-1,-0.3],[-0.7,-0.5],[-0.3,-0.7],[0,0],[0,-0.1],[0,-0.1],[0,0],[0,0],[0,0],[0,0],[0,0],[0,0.6],[0.4,0.4],[0.6,0.2],[0,0],[0.6,0],[0.6,-0.1],[0.4,-0.3],[0,0],[0,-0.6],[-0.5,-0.3],[-0.8,-0.2],[0,0],[-0.8,-0.2],[-0.8,-0.3],[-0.6,-0.4],[-0.4,-0.6],[0,0],[0,-0.9],[0.4,-0.7],[0.7,-0.5],[1,-0.2],[0,0],[1.1,0],[0.9,0.2],[0.7,0.4],[0.4,0.6],[0,0],[0,0.2],[0,0.2],[0,0],[0,0],[0,0],[0,-0.5],[-0.3,-0.3],[-0.5,-0.2],[0,0],[-0.6,0],[-0.4,0.1],[-0.3,0.2],[-0.1,0.2],[0,0],[0,0.5],[0.4,0.3],[0.6,0.2],[0,0],[0.9,0.2],[0.9,0.3],[0.8,0.4],[0.5,0.7],[0,0],[0,1.1],[-0.4,0.8],[-0.8,0.5],[-1,0.2],[0,0]]}}},{"ty":"fl","c":{"a":0,"k":[0.173,0.671,0.38]},"o":{"a":0,"k":100}}]},{"ind":37,"ty":3,"parent":30,"ks":{},"ip":0,"op":143.8,"st":0},{"ind":30,"ty":3,"parent":29,"ks":{},"ip":0,"op":143.8,"st":0},{"ind":29,"ty":3,"parent":28,"ks":{"p":{"a":0,"k":[63.441,0]}},"ip":0,"op":143.8,"st":0},{"ind":28,"ty":3,"parent":5,"ks":{"p":{"a":0,"k":[-23.893,64.483]}},"ip":0,"op":143.8,"st":0},{"ind":43,"ty":4,"parent":42,"ks":{},"ip":0,"op":143.8,"st":0,"shapes":[{"ty":"sh","ks":{"a":0,"k":{"c":true,"i":[[0,0],[0,0],[0,0],[0,0],[0,0],[-0.1,-0.6],[-0.1,-0.6],[-0.1,-0.4],[0,0],[0,0],[-0.1,0.5],[-0.1,0.6],[-0.2,0.6],[0,0],[0,0],[0,0],[0,0],[0,0],[0,0],[0,1.1],[0,0.8],[0,0.1],[0,0],[0,0],[0.2,-0.7],[0.2,-0.8],[0.2,-0.6],[0,0],[0,0],[0,0],[0,0],[0.2,0.7],[0.2,0.7],[0.1,0.6],[0,0],[0,0],[0,-0.9],[0,-0.9],[0,-0.7],[0,0],[0,0]],"v":[[7.2,33.6],[2.7,33.6],[2.7,8.9],[10.1,8.9],[14,22.7],[14.4,24.3],[14.9,26],[15.2,27.5],[15.2,27.5],[15.4,27.5],[15.7,26.1],[16,24.4],[16.5,22.6],[16.5,22.6],[20.3,8.9],[27.6,8.9],[27.6,33.6],[23,33.6],[23,21.1],[23,17.8],[23.1,15],[23.1,13.6],[23.1,13.6],[22.9,13.6],[22.5,15],[21.9,17.3],[21.3,19.5],[21.3,19.5],[17.2,33.6],[12.9,33.6],[8.9,19.5],[8.4,17.7],[7.8,15.5],[7.3,13.6],[7.3,13.6],[7.1,13.6],[7.1,15.9],[7.2,18.6],[7.2,21.1],[7.2,21.1],[7.2,33.6]],"o":[[0,0],[0,0],[0,0],[0,0],[0.1,0.5],[0.1,0.6],[0.1,0.6],[0,0],[0,0],[0,-0.4],[0.1,-0.5],[0.1,-0.6],[0,0],[0,0],[0,0],[0,0],[0,0],[0,0],[0,-1.1],[0,-1.1],[0,-0.8],[0,0],[0,0],[0,0.2],[-0.2,0.7],[-0.2,0.8],[0,0],[0,0],[0,0],[0,0],[-0.1,-0.5],[-0.2,-0.7],[-0.2,-0.7],[0,0],[0,0],[0,0.6],[0,0.9],[0,0.9],[0,0],[0,0],[0,0]]}}},{"ty":"fl","c":{"a":0,"k":[0.173,0.671,0.38]},"o":{"a":0,"k":100}}]},{"ind":42,"ty":3,"parent":41,"ks":{"p":{"a":0,"k":[58.824,0]}},"ip":0,"op":143.8,"st":0},{"ind":45,"ty":4,"parent":44,"ks":{},"ip":0,"op":143.8,"st":0,"shapes":[{"ty":"sh","ks":{"a":0,"k":{"c":true,"i":[[0,0],[0,0],[0,0],[0,0],[0,0],[-0.8,1.7],[-0.7,1.8],[-0.5,2],[0,0],[0,0],[0.5,-1.3],[0.6,-1.3],[0.6,-1.1],[0.5,-0.8],[0.3,-0.4],[0,0],[0,0],[0,0],[-0.2,0.5],[-0.2,0.5],[-0.2,0.5],[-0.1,0.5],[0,0],[0,0],[0,0],[0,0],[0,0],[0,0],[0,0]],"v":[[16.4,33.6],[12,33.6],[12,28.1],[1.1,28.1],[1.1,24.5],[3.8,19.6],[6,14.3],[7.7,8.5],[7.7,8.5],[12.3,8.5],[11.2,12.4],[9.6,16.3],[7.8,19.9],[6.2,22.7],[5.1,24.5],[5.1,24.5],[12,24.5],[12,18.3],[12.6,16.8],[13.3,15.2],[13.8,13.7],[14.3,12.2],[14.3,12.2],[16.4,12.2],[16.4,24.5],[19.4,24.5],[19.4,28.1],[16.4,28.1],[16.4,33.6]],"o":[[0,0],[0,0],[0,0],[0,0],[1,-1.6],[0.8,-1.7],[0.7,-1.8],[0,0],[0,0],[-0.3,1.3],[-0.5,1.3],[-0.6,1.3],[-0.6,1.1],[-0.5,0.8],[0,0],[0,0],[0,0],[0.2,-0.5],[0.2,-0.5],[0.2,-0.5],[0.2,-0.5],[0,0],[0,0],[0,0],[0,0],[0,0],[0,0],[0,0],[0,0]]}}},{"ty":"fl","c":{"a":0,"k":[0.173,0.671,0.38]},"o":{"a":0,"k":100}}]},{"ind":44,"ty":3,"parent":41,"ks":{"p":{"a":0,"k":[38.772,0]}},"ip":0,"op":143.8,"st":0},{"ind":47,"ty":4,"parent":46,"ks":{},"ip":0,"op":143.8,"st":0,"shapes":[{"ty":"sh","ks":{"a":0,"k":{"c":true,"i":[[0,0],[0,0],[0,0],[0,0],[0,0],[0,0],[0,0],[-1,0.3],[-1,0.4],[-0.8,0.5],[0,0],[0,0],[0,0],[0,0],[0,0]],"v":[[19.4,33.6],[3.5,33.6],[3.5,30],[9.5,30],[9.5,14.5],[3.5,14.5],[3.5,11.8],[6,11.3],[9,10.2],[11.7,8.9],[11.7,8.9],[13.9,8.9],[13.9,30],[19.4,30],[19.4,33.6]],"o":[[0,0],[0,0],[0,0],[0,0],[0,0],[0,0],[0.7,-0.1],[1,-0.3],[1,-0.4],[0,0],[0,0],[0,0],[0,0],[0,0],[0,0]]}}},{"ty":"fl","c":{"a":0,"k":[0.173,0.671,0.38]},"o":{"a":0,"k":100}}]},{"ind":46,"ty":3,"parent":41,"ks":{"p":{"a":0,"k":[18.756,0]}},"ip":0,"op":143.8,"st":0},{"ind":49,"ty":4,"parent":48,"ks":{},"ip":0,"op":143.8,"st":0,"shapes":[{"ty":"sh","ks":{"a":0,"k":{"c":true,"i":[[0,0],[0,0],[0,0],[0,0],[0,0]],"v":[[10.8,35.4],[8.9,35.4],[8.9,7.6],[10.8,7.6],[10.8,35.4]],"o":[[0,0],[0,0],[0,0],[0,0],[0,0]]}}},{"ty":"sh","ks":{"a":0,"k":{"c":true,"i":[[0,0],[0,0],[1,0.3],[0.7,0.5],[0.3,0.7],[0,0.8],[0,0],[0,0.1],[0,0],[0,0],[0,0],[0,0],[0,0],[0,0],[-0.4,-0.4],[-0.6,-0.2],[-0.7,0],[0,0],[-0.6,0.1],[-0.4,0.3],[0,0.5],[0,0],[0.5,0.3],[0.8,0.2],[0.9,0.2],[0,0],[0.8,0.3],[0.6,0.4],[0.4,0.6],[0,1],[0,0],[-0.4,0.7],[-0.7,0.5],[-1,0.2],[-1.2,0],[0,0],[-0.9,-0.2],[-0.7,-0.4],[-0.4,-0.6],[0,-0.8],[0,0],[0,-0.2],[0,0],[0,0],[0,0],[0,0],[0.3,0.3],[0.5,0.2],[0.8,0],[0,0],[0.4,-0.1],[0.3,-0.2],[0.1,-0.2],[0,-0.3],[0,0],[-0.4,-0.3],[-0.6,-0.2],[-0.7,-0.2],[0,0],[-0.9,-0.3],[-0.8,-0.4],[-0.5,-0.7],[0,-1.2],[0,0],[0.4,-0.8],[0.8,-0.5],[1,-0.2],[1.2,0]],"v":[[9.7,31.2],[9.7,31.2],[6.1,30.7],[3.5,29.5],[2,27.6],[1.4,25.3],[1.4,25.3],[1.5,25],[1.5,24.8],[1.5,24.8],[5.8,24.8],[5.8,24.9],[5.8,25.1],[5.8,25.1],[6.4,26.6],[7.9,27.5],[9.9,27.7],[9.9,27.7],[11.7,27.5],[13.1,26.9],[13.6,25.7],[13.6,25.7],[12.9,24.3],[11,23.4],[8.5,22.8],[8.5,22.8],[6.2,22],[4,21],[2.5,19.4],[1.9,17],[1.9,17],[2.5,14.6],[4.2,12.8],[6.7,11.8],[9.9,11.4],[9.9,11.4],[13,11.8],[15.4,12.8],[17,14.4],[17.6,16.5],[17.6,16.5],[17.6,17],[17.5,17.3],[17.5,17.3],[13.2,17.3],[13.2,17.1],[12.8,15.9],[11.6,15.1],[9.7,14.8],[9.7,14.8],[8.2,15],[7.1,15.4],[6.5,15.9],[6.3,16.7],[6.3,16.7],[6.8,17.7],[8.3,18.4],[10.3,19],[10.3,19],[13,19.8],[15.5,20.7],[17.4,22.4],[18.1,25.1],[18.1,25.1],[17.5,28],[15.7,29.8],[13.1,30.9],[9.7,31.2]],"o":[[0,0],[-1.4,0],[-1,-0.3],[-0.7,-0.5],[-0.3,-0.7],[0,0],[0,-0.1],[0,-0.1],[0,0],[0,0],[0,0],[0,0],[0,0],[0,0.6],[0.4,0.4],[0.6,0.2],[0,0],[0.6,0],[0.6,-0.1],[0.4,-0.3],[0,0],[0,-0.6],[-0.5,-0.3],[-0.8,-0.2],[0,0],[-0.8,-0.2],[-0.8,-0.3],[-0.6,-0.4],[-0.4,-0.6],[0,0],[0,-0.9],[0.4,-0.7],[0.7,-0.5],[1,-0.2],[0,0],[1.1,0],[0.9,0.2],[0.7,0.4],[0.4,0.6],[0,0],[0,0.2],[0,0.2],[0,0],[0,0],[0,0],[0,-0.5],[-0.3,-0.3],[-0.5,-0.2],[0,0],[-0.6,0],[-0.4,0.1],[-0.3,0.2],[-0.1,0.2],[0,0],[0,0.5],[0.4,0.3],[0.6,0.2],[0,0],[0.9,0.2],[0.9,0.3],[0.8,0.4],[0.5,0.7],[0,0],[0,1.1],[-0.4,0.8],[-0.8,0.5],[-1,0.2],[0,0]]}}},{"ty":"fl","c":{"a":0,"k":[0.173,0.671,0.38]},"o":{"a":0,"k":100}}]},{"ind":48,"ty":3,"parent":41,"ks":{},"ip":0,"op":143.8,"st":0},{"ind":41,"ty":3,"parent":40,"ks":{},"ip":0,"op":143.8,"st":0},{"ind":40,"ty":3,"parent":39,"ks":{"p":{"a":0,"k":[63.405,0]}},"ip":0,"op":143.8,"st":0},{"ind":39,"ty":3,"parent":5,"ks":{"p":{"a":0,"k":[-23.893,193.448]}},"ip":0,"op":143.8,"st":0},{"ind":5,"ty":3,"ks":{"p":{"a":1,"k":[{"t":0,"s":[0,-198.138],"i":{"x":[1,1],"y":[1,1]},"o":{"x":[0,0],"y":[0,0]}},{"t":61.2,"s":[0,-198.138],"i":{"x":[1,0],"y":[1,1]},"o":{"x":[0,0.5],"y":[0,0]}},{"t":121.2,"s":[0,-1.138],"i":{"x":[1,1],"y":[1,1]},"o":{"x":[0,0],"y":[0,0]}},{"t":142.8,"s":[0,-1.138],"h":1}]}},"ip":0,"op":143.8,"st":0}]},{"id":"58","layers":[{"ind":57,"ty":4,"ks":{},"ip":0,"op":143.8,"st":0,"shapes":[{"ty":"rc","p":{"a":0,"k":[11,11]},"r":{"a":0,"k":0},"s":{"a":0,"k":[22,22]}},{"ty":"fl","c":{"a":0,"k":[0,0,0,0]},"o":{"a":0,"k":0}}]},{"ind":0,"ty":4,"ks":{"s":{"a":0,"k":[133.33,133.33]}},"ip":0,"op":143.8,"st":0,"shapes":[{"ty":"gr","it":[{"ty":"gr","it":[{"ty":"sh","ks":{"a":0,"k":{"c":false,"i":[[0,0],[0,0]],"o":[[0,0],[0,0]],"v":[[11,20.33],[11,1.67]]}}},{"ty":"sh","ks":{"a":0,"k":{"c":false,"i":[[0,0],[0,0]],"o":[[0,0],[0,0]],"v":[[11,1.67],[1.67,11]]}}},{"ty":"sh","ks":{"a":0,"k":{"c":false,"i":[[0,0],[0,0]],"o":[[0,0],[0,0]],"v":[[11,1.67],[20.33,11]]}}},{"ty":"st","c":{"a":0,"k":[0.62,0.89,0.62,1]},"lc":2,"lj":2,"ml":4,"o":{"a":0,"k":100},"w":{"a":0,"k":2}},{"ty":"tr","o":{"a":0,"k":100},"s":{"a":0,"k":[75,75]}}]},{"ty":"tr","o":{"a":0,"k":100}}]}]}]},{"id":"61","layers":[{"ind":60,"ty":0,"parent":56,"ks":{},"w":22,"h":22,"ip":0,"op":143.8,"st":0,"refId":"58"},{"ind":56,"ty":3,"ks":{"p":{"a":0,"k":[5,5]}},"ip":0,"op":143.8,"st":0}]},{"id":"67","layers":[{"ind":66,"ty":4,"ks":{},"ip":0,"op":143.8,"st":0,"shapes":[{"ty":"rc","p":{"a":0,"k":[11,11]},"r":{"a":0,"k":0},"s":{"a":0,"k":[22,22]}},{"ty":"fl","c":{"a":0,"k":[0,0,0,0]},"o":{"a":0,"k":0}}]},{"ind":0,"ty":4,"ks":{"s":{"a":0,"k":[133.33,133.33]}},"ip":0,"op":143.8,"st":0,"shapes":[{"ty":"gr","it":[{"ty":"gr","it":[{"ty":"sh","ks":{"a":0,"k":{"c":false,"i":[[0,0],[0,0]],"o":[[0,0],[0,0]],"v":[[11,20.33],[11,1.67]]}}},{"ty":"sh","ks":{"a":0,"k":{"c":false,"i":[[0,0],[0,0]],"o":[[0,0],[0,0]],"v":[[11,1.67],[1.67,11]]}}},{"ty":"sh","ks":{"a":0,"k":{"c":false,"i":[[0,0],[0,0]],"o":[[0,0],[0,0]],"v":[[11,1.67],[20.33,11]]}}},{"ty":"st","c":{"a":0,"k":[0.62,0.89,0.62,1]},"lc":2,"lj":2,"ml":4,"o":{"a":0,"k":100},"w":{"a":0,"k":2}},{"ty":"tr","o":{"a":0,"k":100},"s":{"a":0,"k":[75,75]}}]},{"ty":"tr","o":{"a":0,"k":100}}]}]}]},{"id":"70","layers":[{"ind":69,"ty":0,"parent":65,"ks":{},"w":22,"h":22,"ip":0,"op":143.8,"st":0,"refId":"67"},{"ind":65,"ty":3,"ks":{"p":{"a":0,"k":[5,5]}},"ip":0,"op":143.8,"st":0}]},{"id":"73","layers":[{"ind":63,"ty":0,"parent":55,"ks":{"a":{"a":0,"k":[0,32]},"p":{"a":0,"k":[0,32]}},"w":32,"h":32,"ip":0,"op":143.8,"st":0,"refId":"61"},{"ind":55,"ty":3,"parent":54,"ks":{"p":{"a":0,"k":[0,32]}},"ip":0,"op":143.8,"st":0},{"ind":72,"ty":0,"parent":64,"ks":{},"w":32,"h":32,"ip":0,"op":143.8,"st":0,"refId":"70"},{"ind":64,"ty":3,"parent":54,"ks":{},"ip":0,"op":143.8,"st":0},{"ind":54,"ty":3,"ks":{"p":{"a":1,"k":[{"t":0,"s":[0,0],"i":{"x":[1,1],"y":[1,1]},"o":{"x":[0,0],"y":[0,0]}},{"t":61.2,"s":[0,0],"i":{"x":[1,0.2],"y":[1,1]},"o":{"x":[0,0.8],"y":[0,0]}},{"t":121.2,"s":[0,-32],"i":{"x":[1,1],"y":[1,1]},"o":{"x":[0,0],"y":[0,0]}},{"t":142.8,"s":[0,-32],"h":1}]}},"ip":0,"op":143.8,"st":0}]},{"id":"87","layers":[{"ind":52,"ty":0,"parent":4,"ks":{"a":{"a":0,"k":[17,104]},"p":{"a":0,"k":[17,104]}},"w":128,"h":34,"ip":0,"op":143.8,"st":0,"refId":"50"},{"ind":4,"ty":3,"parent":3,"ks":{"p":{"a":0,"k":[17,104]}},"ip":0,"op":143.8,"st":0},{"ind":75,"ty":0,"parent":53,"ks":{"a":{"a":0,"k":[113,17]},"p":{"a":0,"k":[113,17]}},"w":32,"h":32,"ip":0,"op":143.8,"st":0,"refId":"73"},{"ind":53,"ty":3,"parent":3,"ks":{"p":{"a":0,"k":[113,17]}},"ip":0,"op":143.8,"st":0},{"ind":80,"ty":4,"parent":79,"ks":{},"ip":0,"op":143.8,"st":0,"shapes":[{"ty":"sh","ks":{"a":0,"k":{"c":true,"i":[[0,0],[0,0],[0,0],[0,0],[-0.5,-0.3],[-0.3,-0.5],[0,-0.7],[0,0],[0.4,-0.6],[0.6,-0.3],[0,0],[0,0],[0,0],[0,0],[0,0],[0,0]],"v":[[3.1,16.1],[1.5,16.1],[1.5,4.3],[7.7,4.3],[9.7,4.7],[10.9,5.9],[11.3,7.7],[11.3,7.7],[10.8,9.8],[9.2,11.1],[9.2,11.1],[11.7,16.1],[9.9,16.1],[7.6,11.4],[3.1,11.4],[3.1,16.1]],"o":[[0,0],[0,0],[0,0],[0.8,0],[0.5,0.3],[0.3,0.5],[0,0],[0,0.8],[-0.4,0.6],[0,0],[0,0],[0,0],[0,0],[0,0],[0,0],[0,0]]}}},{"ty":"sh","ks":{"a":0,"k":{"c":true,"i":[[0,0],[0,0],[0,0],[-0.4,0.4],[0,0.7],[0,0],[0.2,0.3],[0.3,0.2],[0.5,0],[0,0],[0,0]],"v":[[3.1,5.7],[3.1,10],[7.5,10],[9.1,9.4],[9.6,7.7],[9.6,7.7],[9.4,6.6],[8.7,5.9],[7.5,5.7],[7.5,5.7],[3.1,5.7]],"o":[[0,0],[0,0],[0.7,0],[0.4,-0.4],[0,0],[0,-0.4],[-0.2,-0.3],[-0.3,-0.2],[0,0],[0,0],[0,0]]}}},{"ty":"fl","c":{"a":0,"k":[0.431,0.49,0.494]},"o":{"a":0,"k":100}}]},{"ind":79,"ty":3,"parent":78,"ks":{"p":{"a":0,"k":[23.588,0]}},"ip":0,"op":143.8,"st":0},{"ind":82,"ty":4,"parent":81,"ks":{},"ip":0,"op":143.8,"st":0,"shapes":[{"ty":"sh","ks":{"a":0,"k":{"c":true,"i":[[0,0],[0,0],[0,0],[0,0],[-0.5,-0.3],[-0.3,-0.5],[0,-0.7],[0,0],[0.4,-0.6],[0.6,-0.3],[0,0],[0,0],[0,0],[0,0],[0,0],[0,0]],"v":[[3.1,16.1],[1.5,16.1],[1.5,4.3],[7.7,4.3],[9.7,4.7],[10.9,5.9],[11.3,7.7],[11.3,7.7],[10.8,9.8],[9.2,11.1],[9.2,11.1],[11.7,16.1],[9.9,16.1],[7.6,11.4],[3.1,11.4],[3.1,16.1]],"o":[[0,0],[0,0],[0,0],[0.8,0],[0.5,0.3],[0.3,0.5],[0,0],[0,0.8],[-0.4,0.6],[0,0],[0,0],[0,0],[0,0],[0,0],[0,0],[0,0]]}}},{"ty":"sh","ks":{"a":0,"k":{"c":true,"i":[[0,0],[0,0],[0,0],[-0.4,0.4],[0,0.7],[0,0],[0.2,0.3],[0.3,0.2],[0.5,0],[0,0],[0,0]],"v":[[3.1,5.7],[3.1,10],[7.5,10],[9.1,9.4],[9.6,7.7],[9.6,7.7],[9.4,6.6],[8.7,5.9],[7.5,5.7],[7.5,5.7],[3.1,5.7]],"o":[[0,0],[0,0],[0.7,0],[0.4,-0.4],[0,0],[0,-0.4],[-0.2,-0.3],[-0.3,-0.2],[0,0],[0,0],[0,0]]}}},{"ty":"fl","c":{"a":0,"k":[0.431,0.49,0.494]},"o":{"a":0,"k":100}}]},{"ind":81,"ty":3,"parent":78,"ks":{"p":{"a":0,"k":[11.406,0]}},"ip":0,"op":143.8,"st":0},{"ind":84,"ty":4,"parent":83,"ks":{},"ip":0,"op":143.8,"st":0,"shapes":[{"ty":"sh","ks":{"a":0,"k":{"c":true,"i":[[0,0],[0,0],[0,0],[0,0],[0,0],[0,0],[0,0],[0,0],[0,0]],"v":[[1.8,16.1],[0.1,16.1],[4.8,4.3],[6.9,4.3],[11.6,16.1],[9.9,16.1],[8.7,13.2],[2.9,13.2],[1.8,16.1]],"o":[[0,0],[0,0],[0,0],[0,0],[0,0],[0,0],[0,0],[0,0],[0,0]]}}},{"ty":"sh","ks":{"a":0,"k":{"c":true,"i":[[0,0],[0,0],[0,0],[0,0],[0.1,0.2],[0.1,0.2],[0.1,0.2],[0.1,0.2],[0,0],[0,0],[0.1,-0.3],[0.1,-0.3],[0.1,-0.2],[0,0]],"v":[[4.9,8.1],[3.5,11.8],[8.1,11.8],[6.7,8.1],[6.6,7.6],[6.3,7],[6.1,6.3],[5.9,5.7],[5.9,5.7],[5.8,5.7],[5.5,6.5],[5.2,7.3],[4.9,8.1],[4.9,8.1]],"o":[[0,0],[0,0],[0,0],[0,-0.1],[-0.1,-0.2],[-0.1,-0.2],[-0.1,-0.2],[0,0],[0,0],[-0.1,0.2],[-0.1,0.3],[-0.1,0.3],[0,0],[0,0]]}}},{"ty":"fl","c":{"a":0,"k":[0.431,0.49,0.494]},"o":{"a":0,"k":100}}]},{"ind":83,"ty":3,"parent":78,"ks":{},"ip":0,"op":143.8,"st":0},{"ind":78,"ty":3,"parent":77,"ks":{},"ip":0,"op":143.8,"st":0},{"ind":77,"ty":3,"parent":76,"ks":{},"ip":0,"op":143.8,"st":0},{"ind":76,"ty":3,"parent":3,"ks":{"p":{"a":0,"k":[17,17]}},"ip":0,"op":143.8,"st":0},{"ind":85,"ty":4,"parent":3,"ks":{},"ip":0,"op":143.8,"st":0,"shapes":[{"ty":"gr","it":[{"ty":"rc","p":{"a":0,"k":[81,78.5]},"r":{"a":0,"k":0},"s":{"a":0,"k":[163,158]}},{"ty":"fl","c":{"a":0,"k":[0,0,0,0]},"o":{"a":0,"k":0}},{"ty":"tr","o":{"a":0,"k":100}}]},{"ty":"gr","it":[{"ty":"rc","p":{"a":0,"k":[81,78.5]},"r":{"a":0,"k":12.819},"s":{"a":0,"k":[162,157]}},{"ty":"st","c":{"a":0,"k":[0,0,0,0.2]},"lc":1,"lj":1,"ml":10,"o":{"a":0,"k":20},"w":{"a":0,"k":1}},{"ty":"tr","o":{"a":0,"k":100}}]}]},{"ind":86,"ty":4,"parent":3,"ks":{},"ip":0,"op":143.8,"st":0,"shapes":[{"ty":"rc","p":{"a":0,"k":[81,78.5]},"r":{"a":0,"k":12.819},"s":{"a":0,"k":[162,157]}},{"ty":"fl","c":{"a":0,"k":[0.961,0.984,0.973]},"o":{"a":0,"k":100}}]},{"ind":3,"ty":3,"ks":{"p":{"a":0,"k":[1,1]}},"ip":0,"op":143.8,"st":0}]},{"id":"97","layers":[{"ind":96,"ty":4,"ks":{},"ip":0,"op":143.8,"st":0,"shapes":[{"ty":"rc","p":{"a":0,"k":[11,11]},"r":{"a":0,"k":0},"s":{"a":0,"k":[22,22]}},{"ty":"fl","c":{"a":0,"k":[0,0,0,0]},"o":{"a":0,"k":0}}]},{"ind":0,"ty":4,"ks":{"s":{"a":0,"k":[133.33,133.33]}},"ip":0,"op":143.8,"st":0,"shapes":[{"ty":"gr","it":[{"ty":"gr","it":[{"ty":"sh","ks":{"a":0,"k":{"c":false,"i":[[0,0],[0,0]],"o":[[0,0],[0,0]],"v":[[11,20.33],[11,1.67]]}}},{"ty":"sh","ks":{"a":0,"k":{"c":false,"i":[[0,0],[0,0]],"o":[[0,0],[0,0]],"v":[[11,1.67],[1.67,11]]}}},{"ty":"sh","ks":{"a":0,"k":{"c":false,"i":[[0,0],[0,0]],"o":[[0,0],[0,0]],"v":[[11,1.67],[20.33,11]]}}},{"ty":"st","c":{"a":0,"k":[0.62,0.89,0.62,1]},"lc":2,"lj":2,"ml":4,"o":{"a":0,"k":100},"w":{"a":0,"k":2}},{"ty":"tr","o":{"a":0,"k":100},"s":{"a":0,"k":[75,75]}}]},{"ty":"tr","o":{"a":0,"k":100}}]}]}]},{"id":"100","layers":[{"ind":99,"ty":0,"parent":95,"ks":{},"w":22,"h":22,"ip":0,"op":143.8,"st":0,"refId":"97"},{"ind":95,"ty":3,"ks":{"p":{"a":0,"k":[5,5]}},"ip":0,"op":143.8,"st":0}]},{"id":"106","layers":[{"ind":105,"ty":4,"ks":{},"ip":0,"op":143.8,"st":0,"shapes":[{"ty":"rc","p":{"a":0,"k":[11,11]},"r":{"a":0,"k":0},"s":{"a":0,"k":[22,22]}},{"ty":"fl","c":{"a":0,"k":[0,0,0,0]},"o":{"a":0,"k":0}}]},{"ind":0,"ty":4,"ks":{"s":{"a":0,"k":[133.33,133.33]}},"ip":0,"op":143.8,"st":0,"shapes":[{"ty":"gr","it":[{"ty":"gr","it":[{"ty":"sh","ks":{"a":0,"k":{"c":false,"i":[[0,0],[0,0]],"o":[[0,0],[0,0]],"v":[[11,20.33],[11,1.67]]}}},{"ty":"sh","ks":{"a":0,"k":{"c":false,"i":[[0,0],[0,0]],"o":[[0,0],[0,0]],"v":[[11,1.67],[1.67,11]]}}},{"ty":"sh","ks":{"a":0,"k":{"c":false,"i":[[0,0],[0,0]],"o":[[0,0],[0,0]],"v":[[11,1.67],[20.33,11]]}}},{"ty":"st","c":{"a":0,"k":[0.62,0.89,0.62,1]},"lc":2,"lj":2,"ml":4,"o":{"a":0,"k":100},"w":{"a":0,"k":2}},{"ty":"tr","o":{"a":0,"k":100},"s":{"a":0,"k":[75,75]}}]},{"ty":"tr","o":{"a":0,"k":100}}]}]}]},{"id":"109","layers":[{"ind":108,"ty":0,"parent":104,"ks":{},"w":22,"h":22,"ip":0,"op":143.8,"st":0,"refId":"106"},{"ind":104,"ty":3,"ks":{"p":{"a":0,"k":[5,5]}},"ip":0,"op":143.8,"st":0}]},{"id":"112","layers":[{"ind":102,"ty":0,"parent":94,"ks":{"a":{"a":0,"k":[0,33]},"p":{"a":0,"k":[0,33]}},"w":32,"h":32,"ip":0,"op":143.8,"st":0,"refId":"100"},{"ind":94,"ty":3,"parent":93,"ks":{"p":{"a":0,"k":[0,33]}},"ip":0,"op":143.8,"st":0},{"ind":111,"ty":0,"parent":103,"ks":{},"w":32,"h":32,"ip":0,"op":143.8,"st":0,"refId":"109"},{"ind":103,"ty":3,"parent":93,"ks":{},"ip":0,"op":143.8,"st":0},{"ind":93,"ty":3,"ks":{"p":{"a":1,"k":[{"t":0,"s":[0,0],"i":{"x":[1,1],"y":[1,1]},"o":{"x":[0,0],"y":[0,0]}},{"t":82.8,"s":[0,0],"i":{"x":[1,0.2],"y":[1,1]},"o":{"x":[0,0.8],"y":[0,0]}},{"t":142.8,"s":[0,-32],"h":1}]}},"ip":0,"op":143.8,"st":0}]},{"id":"151","layers":[{"ind":121,"ty":4,"parent":120,"ks":{},"ip":0,"op":143.8,"st":0,"shapes":[{"ty":"sh","ks":{"a":0,"k":{"c":true,"i":[[0,0],[0,0],[0,0],[0,0],[0,0]],"v":[[10.1,33.6],[6.7,33.6],[24.8,8.9],[28.3,8.9],[10.1,33.6]],"o":[[0,0],[0,0],[0,0],[0,0],[0,0]]}}},{"ty":"sh","ks":{"a":0,"k":{"c":true,"i":[[0,0],[0,0],[0.9,0.4],[0.5,0.9],[0,1.7],[0,0],[-0.5,0.9],[-0.9,0.4],[-1.2,0],[0,0],[-0.9,-0.4],[-0.5,-0.9],[0,-1.7],[0,0],[0.5,-0.9],[0.9,-0.4],[1.2,0]],"v":[[9.1,21.5],[9.1,21.5],[5.9,20.9],[3.9,18.9],[3.2,15],[3.2,15],[3.9,11.1],[5.9,9.1],[9.1,8.5],[9.1,8.5],[12.2,9.1],[14.2,11.1],[14.9,15],[14.9,15],[14.2,18.9],[12.2,20.9],[9.1,21.5]],"o":[[0,0],[-1.2,0],[-0.9,-0.4],[-0.5,-0.9],[0,0],[0,-1.7],[0.5,-0.9],[0.9,-0.4],[0,0],[1.2,0],[0.9,0.4],[0.5,0.9],[0,0],[0,1.7],[-0.5,0.9],[-0.9,0.4],[0,0]]}}},{"ty":"sh","ks":{"a":0,"k":{"c":true,"i":[[0,0],[0,0],[-0.3,0.6],[0,1.1],[0,0],[0,0],[0.1,0.5],[0.3,0.3],[0.6,0],[0,0],[0.3,-0.7],[0,-1.1],[0,0],[0,0],[-0.3,-0.6],[-1,0]],"v":[[9.1,18.8],[9.1,18.8],[11,17.9],[11.5,15.2],[11.5,15.2],[11.5,14.8],[11.3,12.9],[10.6,11.6],[9.1,11.2],[9.1,11.2],[7.1,12.2],[6.7,14.8],[6.7,14.8],[6.7,15.2],[7.1,17.9],[9.1,18.8]],"o":[[0,0],[1,0],[0.3,-0.6],[0,0],[0,0],[0,-0.7],[-0.1,-0.5],[-0.3,-0.3],[0,0],[-1,0],[-0.3,0.7],[0,0],[0,0],[0,1.1],[0.3,0.6],[0,0]]}}},{"ty":"sh","ks":{"a":0,"k":{"c":true,"i":[[0,0],[0,0],[0.9,0.4],[0.5,0.9],[0,1.7],[0,0],[-0.5,0.9],[-0.9,0.4],[-1.2,0],[0,0],[-0.9,-0.4],[-0.5,-0.9],[0,-1.7],[0,0],[0.5,-0.9],[0.9,-0.4],[1.2,0]],"v":[[25.8,34.1],[25.8,34.1],[22.7,33.5],[20.6,31.5],[19.9,27.6],[19.9,27.6],[20.6,23.7],[22.7,21.7],[25.8,21.1],[25.8,21.1],[28.9,21.7],[30.9,23.7],[31.6,27.6],[31.6,27.6],[30.9,31.5],[28.9,33.5],[25.8,34.1]],"o":[[0,0],[-1.2,0],[-0.9,-0.4],[-0.5,-0.9],[0,0],[0,-1.7],[0.5,-0.9],[0.9,-0.4],[0,0],[1.2,0],[0.9,0.4],[0.5,0.9],[0,0],[0,1.7],[-0.5,0.9],[-0.9,0.4],[0,0]]}}},{"ty":"sh","ks":{"a":0,"k":{"c":true,"i":[[0,0],[0,0],[-0.3,0.7],[0,1.1],[0,0],[0,0],[0.1,0.5],[0.3,0.3],[0.7,0],[0,0],[0.3,-0.7],[0,-1.1],[0,0],[0,0],[-0.3,-0.7],[-1,0]],"v":[[25.8,31.4],[25.8,31.4],[27.7,30.4],[28.2,27.8],[28.2,27.8],[28.2,27.3],[28,25.4],[27.3,24.2],[25.8,23.7],[25.8,23.7],[23.9,24.7],[23.4,27.3],[23.4,27.3],[23.4,27.8],[23.9,30.4],[25.8,31.4]],"o":[[0,0],[1,0],[0.3,-0.7],[0,0],[0,0],[0,-0.7],[-0.1,-0.5],[-0.3,-0.3],[0,0],[-1,0],[-0.3,0.7],[0,0],[0,0],[0,1.1],[0.3,0.7],[0,0]]}}},{"ty":"fl","c":{"a":0,"k":[0.173,0.671,0.38]},"o":{"a":0,"k":100}}]},{"ind":120,"ty":3,"parent":119,"ks":{"p":{"a":0,"k":[40.032,0]}},"ip":0,"op":143.8,"st":0},{"ind":123,"ty":4,"parent":122,"ks":{},"ip":0,"op":143.8,"st":0,"shapes":[{"ty":"sh","ks":{"a":0,"k":{"c":true,"i":[[0,0],[0,0],[0,0],[-0.4,0.9],[-0.6,0.7],[-0.8,0.7],[-0.8,0.6],[0,0],[-0.9,0.8],[-0.6,0.9],[0,1.1],[0,0],[0.2,0.5],[0.5,0.3],[0.9,0],[0,0],[0.6,-0.3],[0.3,-0.6],[0,-0.8],[0,0],[0,0],[0,0],[0,0.2],[0,0.4],[0,0],[-0.8,1.1],[-1.3,0.5],[-1.6,0],[0,0],[-1,-0.5],[-0.6,-0.7],[-0.2,-0.8],[0,-0.7],[0,0],[0.4,-0.9],[0.7,-0.8],[0.9,-0.8],[1.1,-0.8],[0,0],[0.5,-0.4],[0.4,-0.4],[0.2,-0.4],[0,0],[0,0],[0,0]],"v":[[19,33.6],[1.8,33.6],[1.8,32.4],[2.4,29.5],[4,27.1],[6.1,25],[8.6,23.1],[8.6,23.1],[11.4,20.8],[13.6,18.4],[14.4,15.4],[14.4,15.4],[14,13.9],[12.9,12.7],[10.7,12.2],[10.7,12.2],[8.4,12.6],[7.1,13.9],[6.6,15.9],[6.6,15.9],[6.6,17.4],[2.2,17.4],[2.2,16.9],[2.1,16],[2.1,16],[3.3,11.7],[6.5,9.3],[10.9,8.5],[10.9,8.5],[14.9,9.2],[17.3,11.1],[18.6,13.4],[18.9,15.7],[18.9,15.7],[18.3,18.9],[16.7,21.5],[14.2,23.9],[11.2,26.2],[11.2,26.2],[9.5,27.4],[8.2,28.5],[7.2,29.7],[7.2,29.7],[19,29.7],[19,33.6]],"o":[[0,0],[0,0],[0,-1.1],[0.4,-0.9],[0.6,-0.7],[0.8,-0.7],[0,0],[1,-0.7],[0.9,-0.8],[0.6,-0.9],[0,0],[0,-0.5],[-0.2,-0.5],[-0.5,-0.3],[0,0],[-0.9,0],[-0.6,0.3],[-0.3,0.6],[0,0],[0,0],[0,0],[0,-0.1],[0,-0.2],[0,0],[0,-1.8],[0.8,-1.1],[1.3,-0.5],[0,0],[1.6,0],[1,0.5],[0.6,0.7],[0.2,0.8],[0,0],[0,1.2],[-0.4,0.9],[-0.7,0.8],[-0.9,0.8],[0,0],[-0.6,0.4],[-0.5,0.4],[-0.4,0.4],[0,0],[0,0],[0,0],[0,0]]}}},{"ty":"fl","c":{"a":0,"k":[0.173,0.671,0.38]},"o":{"a":0,"k":100}}]},{"ind":122,"ty":3,"parent":119,"ks":{"p":{"a":0,"k":[20.016,0]}},"ip":0,"op":143.8,"st":0},{"ind":125,"ty":4,"parent":124,"ks":{},"ip":0,"op":143.8,"st":0,"shapes":[{"ty":"sh","ks":{"a":0,"k":{"c":true,"i":[[0,0],[0,0],[0,0],[0,0],[0,0],[0,0],[0,0],[-1,0.3],[-1,0.4],[-0.8,0.5],[0,0],[0,0],[0,0],[0,0],[0,0]],"v":[[19.4,33.6],[3.5,33.6],[3.5,30],[9.5,30],[9.5,14.5],[3.5,14.5],[3.5,11.8],[6,11.3],[9,10.2],[11.7,8.9],[11.7,8.9],[13.9,8.9],[13.9,30],[19.4,30],[19.4,33.6]],"o":[[0,0],[0,0],[0,0],[0,0],[0,0],[0,0],[0.7,-0.1],[1,-0.3],[1,-0.4],[0,0],[0,0],[0,0],[0,0],[0,0],[0,0]]}}},{"ty":"fl","c":{"a":0,"k":[0.173,0.671,0.38]},"o":{"a":0,"k":100}}]},{"ind":124,"ty":3,"parent":119,"ks":{},"ip":0,"op":143.8,"st":0},{"ind":119,"ty":3,"parent":118,"ks":{},"ip":0,"op":143.8,"st":0},{"ind":118,"ty":3,"parent":117,"ks":{"p":{"a":0,"k":[0.912,0]}},"ip":0,"op":143.8,"st":0},{"ind":117,"ty":3,"parent":116,"ks":{},"ip":0,"op":143.8,"st":0},{"ind":130,"ty":4,"parent":129,"ks":{},"ip":0,"op":143.8,"st":0,"shapes":[{"ty":"sh","ks":{"a":0,"k":{"c":true,"i":[[0,0],[0,0],[0,0],[0,0],[0,0]],"v":[[10.1,33.6],[6.7,33.6],[24.8,8.9],[28.3,8.9],[10.1,33.6]],"o":[[0,0],[0,0],[0,0],[0,0],[0,0]]}}},{"ty":"sh","ks":{"a":0,"k":{"c":true,"i":[[0,0],[0,0],[0.9,0.4],[0.5,0.9],[0,1.7],[0,0],[-0.5,0.9],[-0.9,0.4],[-1.2,0],[0,0],[-0.9,-0.4],[-0.5,-0.9],[0,-1.7],[0,0],[0.5,-0.9],[0.9,-0.4],[1.2,0]],"v":[[9.1,21.5],[9.1,21.5],[5.9,20.9],[3.9,18.9],[3.2,15],[3.2,15],[3.9,11.1],[5.9,9.1],[9.1,8.5],[9.1,8.5],[12.2,9.1],[14.2,11.1],[14.9,15],[14.9,15],[14.2,18.9],[12.2,20.9],[9.1,21.5]],"o":[[0,0],[-1.2,0],[-0.9,-0.4],[-0.5,-0.9],[0,0],[0,-1.7],[0.5,-0.9],[0.9,-0.4],[0,0],[1.2,0],[0.9,0.4],[0.5,0.9],[0,0],[0,1.7],[-0.5,0.9],[-0.9,0.4],[0,0]]}}},{"ty":"sh","ks":{"a":0,"k":{"c":true,"i":[[0,0],[0,0],[-0.3,0.6],[0,1.1],[0,0],[0,0],[0.1,0.5],[0.3,0.3],[0.6,0],[0,0],[0.3,-0.7],[0,-1.1],[0,0],[0,0],[-0.3,-0.6],[-1,0]],"v":[[9.1,18.8],[9.1,18.8],[11,17.9],[11.5,15.2],[11.5,15.2],[11.5,14.8],[11.3,12.9],[10.6,11.6],[9.1,11.2],[9.1,11.2],[7.1,12.2],[6.7,14.8],[6.7,14.8],[6.7,15.2],[7.1,17.9],[9.1,18.8]],"o":[[0,0],[1,0],[0.3,-0.6],[0,0],[0,0],[0,-0.7],[-0.1,-0.5],[-0.3,-0.3],[0,0],[-1,0],[-0.3,0.7],[0,0],[0,0],[0,1.1],[0.3,0.6],[0,0]]}}},{"ty":"sh","ks":{"a":0,"k":{"c":true,"i":[[0,0],[0,0],[0.9,0.4],[0.5,0.9],[0,1.7],[0,0],[-0.5,0.9],[-0.9,0.4],[-1.2,0],[0,0],[-0.9,-0.4],[-0.5,-0.9],[0,-1.7],[0,0],[0.5,-0.9],[0.9,-0.4],[1.2,0]],"v":[[25.8,34.1],[25.8,34.1],[22.7,33.5],[20.6,31.5],[19.9,27.6],[19.9,27.6],[20.6,23.7],[22.7,21.7],[25.8,21.1],[25.8,21.1],[28.9,21.7],[30.9,23.7],[31.6,27.6],[31.6,27.6],[30.9,31.5],[28.9,33.5],[25.8,34.1]],"o":[[0,0],[-1.2,0],[-0.9,-0.4],[-0.5,-0.9],[0,0],[0,-1.7],[0.5,-0.9],[0.9,-0.4],[0,0],[1.2,0],[0.9,0.4],[0.5,0.9],[0,0],[0,1.7],[-0.5,0.9],[-0.9,0.4],[0,0]]}}},{"ty":"sh","ks":{"a":0,"k":{"c":true,"i":[[0,0],[0,0],[-0.3,0.7],[0,1.1],[0,0],[0,0],[0.1,0.5],[0.3,0.3],[0.7,0],[0,0],[0.3,-0.7],[0,-1.1],[0,0],[0,0],[-0.3,-0.7],[-1,0]],"v":[[25.8,31.4],[25.8,31.4],[27.7,30.4],[28.2,27.8],[28.2,27.8],[28.2,27.3],[28,25.4],[27.3,24.2],[25.8,23.7],[25.8,23.7],[23.9,24.7],[23.4,27.3],[23.4,27.3],[23.4,27.8],[23.9,30.4],[25.8,31.4]],"o":[[0,0],[1,0],[0.3,-0.7],[0,0],[0,0],[0,-0.7],[-0.1,-0.5],[-0.3,-0.3],[0,0],[-1,0],[-0.3,0.7],[0,0],[0,0],[0,1.1],[0.3,0.7],[0,0]]}}},{"ty":"fl","c":{"a":0,"k":[0.173,0.671,0.38]},"o":{"a":0,"k":100}}]},{"ind":129,"ty":3,"parent":128,"ks":{"p":{"a":0,"k":[40.032,0]}},"ip":0,"op":143.8,"st":0},{"ind":132,"ty":4,"parent":131,"ks":{},"ip":0,"op":143.8,"st":0,"shapes":[{"ty":"sh","ks":{"a":0,"k":{"c":true,"i":[[0,0],[0,0],[0,0],[0,0],[0,0],[0,0],[0,0],[-1,0.3],[-1,0.4],[-0.8,0.5],[0,0],[0,0],[0,0],[0,0],[0,0]],"v":[[19.4,33.6],[3.5,33.6],[3.5,30],[9.5,30],[9.5,14.5],[3.5,14.5],[3.5,11.8],[6,11.3],[9,10.2],[11.7,8.9],[11.7,8.9],[13.9,8.9],[13.9,30],[19.4,30],[19.4,33.6]],"o":[[0,0],[0,0],[0,0],[0,0],[0,0],[0,0],[0.7,-0.1],[1,-0.3],[1,-0.4],[0,0],[0,0],[0,0],[0,0],[0,0],[0,0]]}}},{"ty":"fl","c":{"a":0,"k":[0.173,0.671,0.38]},"o":{"a":0,"k":100}}]},{"ind":131,"ty":3,"parent":128,"ks":{"p":{"a":0,"k":[20.016,0]}},"ip":0,"op":143.8,"st":0},{"ind":134,"ty":4,"parent":133,"ks":{},"ip":0,"op":143.8,"st":0,"shapes":[{"ty":"sh","ks":{"a":0,"k":{"c":true,"i":[[0,0],[0,0],[0,0],[0,0],[0,0],[0,0],[0,0],[-1,0.3],[-1,0.4],[-0.8,0.5],[0,0],[0,0],[0,0],[0,0],[0,0]],"v":[[19.4,33.6],[3.5,33.6],[3.5,30],[9.5,30],[9.5,14.5],[3.5,14.5],[3.5,11.8],[6,11.3],[9,10.2],[11.7,8.9],[11.7,8.9],[13.9,8.9],[13.9,30],[19.4,30],[19.4,33.6]],"o":[[0,0],[0,0],[0,0],[0,0],[0,0],[0,0],[0.7,-0.1],[1,-0.3],[1,-0.4],[0,0],[0,0],[0,0],[0,0],[0,0],[0,0]]}}},{"ty":"fl","c":{"a":0,"k":[0.173,0.671,0.38]},"o":{"a":0,"k":100}}]},{"ind":133,"ty":3,"parent":128,"ks":{},"ip":0,"op":143.8,"st":0},{"ind":128,"ty":3,"parent":127,"ks":{},"ip":0,"op":143.8,"st":0},{"ind":127,"ty":3,"parent":126,"ks":{"p":{"a":0,"k":[0.912,0]}},"ip":0,"op":143.8,"st":0},{"ind":126,"ty":3,"parent":116,"ks":{"p":{"a":0,"k":[0,55]}},"ip":0,"op":143.8,"st":0},{"ind":139,"ty":4,"parent":138,"ks":{},"ip":0,"op":143.8,"st":0,"shapes":[{"ty":"sh","ks":{"a":0,"k":{"c":true,"i":[[0,0],[0,0],[0,0],[0,0],[0,0]],"v":[[10.1,33.6],[6.7,33.6],[24.8,8.9],[28.3,8.9],[10.1,33.6]],"o":[[0,0],[0,0],[0,0],[0,0],[0,0]]}}},{"ty":"sh","ks":{"a":0,"k":{"c":true,"i":[[0,0],[0,0],[0.9,0.4],[0.5,0.9],[0,1.7],[0,0],[-0.5,0.9],[-0.9,0.4],[-1.2,0],[0,0],[-0.9,-0.4],[-0.5,-0.9],[0,-1.7],[0,0],[0.5,-0.9],[0.9,-0.4],[1.2,0]],"v":[[9.1,21.5],[9.1,21.5],[5.9,20.9],[3.9,18.9],[3.2,15],[3.2,15],[3.9,11.1],[5.9,9.1],[9.1,8.5],[9.1,8.5],[12.2,9.1],[14.2,11.1],[14.9,15],[14.9,15],[14.2,18.9],[12.2,20.9],[9.1,21.5]],"o":[[0,0],[-1.2,0],[-0.9,-0.4],[-0.5,-0.9],[0,0],[0,-1.7],[0.5,-0.9],[0.9,-0.4],[0,0],[1.2,0],[0.9,0.4],[0.5,0.9],[0,0],[0,1.7],[-0.5,0.9],[-0.9,0.4],[0,0]]}}},{"ty":"sh","ks":{"a":0,"k":{"c":true,"i":[[0,0],[0,0],[-0.3,0.6],[0,1.1],[0,0],[0,0],[0.1,0.5],[0.3,0.3],[0.6,0],[0,0],[0.3,-0.7],[0,-1.1],[0,0],[0,0],[-0.3,-0.6],[-1,0]],"v":[[9.1,18.8],[9.1,18.8],[11,17.9],[11.5,15.2],[11.5,15.2],[11.5,14.8],[11.3,12.9],[10.6,11.6],[9.1,11.2],[9.1,11.2],[7.1,12.2],[6.7,14.8],[6.7,14.8],[6.7,15.2],[7.1,17.9],[9.1,18.8]],"o":[[0,0],[1,0],[0.3,-0.6],[0,0],[0,0],[0,-0.7],[-0.1,-0.5],[-0.3,-0.3],[0,0],[-1,0],[-0.3,0.7],[0,0],[0,0],[0,1.1],[0.3,0.6],[0,0]]}}},{"ty":"sh","ks":{"a":0,"k":{"c":true,"i":[[0,0],[0,0],[0.9,0.4],[0.5,0.9],[0,1.7],[0,0],[-0.5,0.9],[-0.9,0.4],[-1.2,0],[0,0],[-0.9,-0.4],[-0.5,-0.9],[0,-1.7],[0,0],[0.5,-0.9],[0.9,-0.4],[1.2,0]],"v":[[25.8,34.1],[25.8,34.1],[22.7,33.5],[20.6,31.5],[19.9,27.6],[19.9,27.6],[20.6,23.7],[22.7,21.7],[25.8,21.1],[25.8,21.1],[28.9,21.7],[30.9,23.7],[31.6,27.6],[31.6,27.6],[30.9,31.5],[28.9,33.5],[25.8,34.1]],"o":[[0,0],[-1.2,0],[-0.9,-0.4],[-0.5,-0.9],[0,0],[0,-1.7],[0.5,-0.9],[0.9,-0.4],[0,0],[1.2,0],[0.9,0.4],[0.5,0.9],[0,0],[0,1.7],[-0.5,0.9],[-0.9,0.4],[0,0]]}}},{"ty":"sh","ks":{"a":0,"k":{"c":true,"i":[[0,0],[0,0],[-0.3,0.7],[0,1.1],[0,0],[0,0],[0.1,0.5],[0.3,0.3],[0.7,0],[0,0],[0.3,-0.7],[0,-1.1],[0,0],[0,0],[-0.3,-0.7],[-1,0]],"v":[[25.8,31.4],[25.8,31.4],[27.7,30.4],[28.2,27.8],[28.2,27.8],[28.2,27.3],[28,25.4],[27.3,24.2],[25.8,23.7],[25.8,23.7],[23.9,24.7],[23.4,27.3],[23.4,27.3],[23.4,27.8],[23.9,30.4],[25.8,31.4]],"o":[[0,0],[1,0],[0.3,-0.7],[0,0],[0,0],[0,-0.7],[-0.1,-0.5],[-0.3,-0.3],[0,0],[-1,0],[-0.3,0.7],[0,0],[0,0],[0,1.1],[0.3,0.7],[0,0]]}}},{"ty":"fl","c":{"a":0,"k":[0.173,0.671,0.38]},"o":{"a":0,"k":100}}]},{"ind":138,"ty":3,"parent":137,"ks":{"p":{"a":0,"k":[39.996,0]}},"ip":0,"op":143.8,"st":0},{"ind":141,"ty":4,"parent":140,"ks":{},"ip":0,"op":143.8,"st":0,"shapes":[{"ty":"sh","ks":{"a":0,"k":{"c":true,"i":[[0,0],[0,0],[1.1,0.4],[0.7,1],[0.4,1.6],[0,2.5],[0,0],[-0.4,1.6],[-0.7,1],[-1.1,0.4],[-1.3,0],[0,0],[-1,-0.4],[-0.7,-1],[-0.4,-1.6],[0,-2.5],[0,0],[0.4,-1.6],[0.7,-1],[1,-0.4],[1.3,0]],"v":[[10.4,34.1],[10.4,34.1],[6.8,33.5],[4.1,31.4],[2.4,27.5],[1.8,21.3],[1.8,21.3],[2.4,15],[4.1,11.1],[6.8,9.1],[10.4,8.5],[10.4,8.5],[14,9.1],[16.6,11.1],[18.3,15],[18.9,21.3],[18.9,21.3],[18.3,27.5],[16.6,31.4],[14,33.5],[10.4,34.1]],"o":[[0,0],[-1.3,0],[-1.1,-0.4],[-0.7,-1],[-0.4,-1.6],[0,0],[0,-2.5],[0.4,-1.6],[0.7,-1],[1.1,-0.4],[0,0],[1.3,0],[1,0.4],[0.7,1],[0.4,1.6],[0,0],[0,2.5],[-0.4,1.6],[-0.7,1],[-1,0.4],[0,0]]}}},{"ty":"sh","ks":{"a":0,"k":{"c":true,"i":[[0,0],[0,0],[-0.6,0.6],[-0.2,1.2],[0,1.8],[0,0],[0,0],[0.2,1.2],[0.6,0.6],[1.1,0],[0,0],[0.6,-0.6],[0.2,-1.2],[0,-1.8],[0,0],[0,0],[-0.2,-1.2],[-0.6,-0.6],[-1.1,0]],"v":[[10.4,30.5],[10.4,30.5],[12.9,29.5],[14.1,26.8],[14.4,22.3],[14.4,22.3],[14.4,20.4],[14.1,15.8],[12.9,13],[10.4,12.1],[10.4,12.1],[7.8,13],[6.6,15.8],[6.3,20.3],[6.3,20.3],[6.3,22.2],[6.6,26.8],[7.8,29.5],[10.4,30.5]],"o":[[0,0],[1.1,0],[0.6,-0.6],[0.2,-1.2],[0,0],[0,0],[0,-1.8],[-0.2,-1.2],[-0.6,-0.6],[0,0],[-1.1,0],[-0.6,0.6],[-0.2,1.2],[0,0],[0,0],[0,1.8],[0.2,1.2],[0.6,0.6],[0,0]]}}},{"ty":"fl","c":{"a":0,"k":[0.173,0.671,0.38]},"o":{"a":0,"k":100}}]},{"ind":140,"ty":3,"parent":137,"ks":{"p":{"a":0,"k":[20.016,0]}},"ip":0,"op":143.8,"st":0},{"ind":143,"ty":4,"parent":142,"ks":{},"ip":0,"op":143.8,"st":0,"shapes":[{"ty":"sh","ks":{"a":0,"k":{"c":true,"i":[[0,0],[0,0],[0,0],[0,0],[0,0],[0,0],[0,0],[-1,0.3],[-1,0.4],[-0.8,0.5],[0,0],[0,0],[0,0],[0,0],[0,0]],"v":[[19.4,33.6],[3.5,33.6],[3.5,30],[9.5,30],[9.5,14.5],[3.5,14.5],[3.5,11.8],[6,11.3],[9,10.2],[11.7,8.9],[11.7,8.9],[13.9,8.9],[13.9,30],[19.4,30],[19.4,33.6]],"o":[[0,0],[0,0],[0,0],[0,0],[0,0],[0,0],[0.7,-0.1],[1,-0.3],[1,-0.4],[0,0],[0,0],[0,0],[0,0],[0,0],[0,0]]}}},{"ty":"fl","c":{"a":0,"k":[0.173,0.671,0.38]},"o":{"a":0,"k":100}}]},{"ind":142,"ty":3,"parent":137,"ks":{},"ip":0,"op":143.8,"st":0},{"ind":137,"ty":3,"parent":136,"ks":{},"ip":0,"op":143.8,"st":0},{"ind":136,"ty":3,"parent":135,"ks":{"p":{"a":0,"k":[0.948,0]}},"ip":0,"op":143.8,"st":0},{"ind":135,"ty":3,"parent":116,"ks":{"p":{"a":0,"k":[0,110]}},"ip":0,"op":143.8,"st":0},{"ind":148,"ty":4,"parent":147,"ks":{},"ip":0,"op":143.8,"st":0,"shapes":[{"ty":"sh","ks":{"a":0,"k":{"c":true,"i":[[0,0],[0,0],[0,0],[0,0],[0,0]],"v":[[10.1,33.6],[6.7,33.6],[24.8,8.9],[28.3,8.9],[10.1,33.6]],"o":[[0,0],[0,0],[0,0],[0,0],[0,0]]}}},{"ty":"sh","ks":{"a":0,"k":{"c":true,"i":[[0,0],[0,0],[0.9,0.4],[0.5,0.9],[0,1.7],[0,0],[-0.5,0.9],[-0.9,0.4],[-1.2,0],[0,0],[-0.9,-0.4],[-0.5,-0.9],[0,-1.7],[0,0],[0.5,-0.9],[0.9,-0.4],[1.2,0]],"v":[[9.1,21.5],[9.1,21.5],[5.9,20.9],[3.9,18.9],[3.2,15],[3.2,15],[3.9,11.1],[5.9,9.1],[9.1,8.5],[9.1,8.5],[12.2,9.1],[14.2,11.1],[14.9,15],[14.9,15],[14.2,18.9],[12.2,20.9],[9.1,21.5]],"o":[[0,0],[-1.2,0],[-0.9,-0.4],[-0.5,-0.9],[0,0],[0,-1.7],[0.5,-0.9],[0.9,-0.4],[0,0],[1.2,0],[0.9,0.4],[0.5,0.9],[0,0],[0,1.7],[-0.5,0.9],[-0.9,0.4],[0,0]]}}},{"ty":"sh","ks":{"a":0,"k":{"c":true,"i":[[0,0],[0,0],[-0.3,0.6],[0,1.1],[0,0],[0,0],[0.1,0.5],[0.3,0.3],[0.6,0],[0,0],[0.3,-0.7],[0,-1.1],[0,0],[0,0],[-0.3,-0.6],[-1,0]],"v":[[9.1,18.8],[9.1,18.8],[11,17.9],[11.5,15.2],[11.5,15.2],[11.5,14.8],[11.3,12.9],[10.6,11.6],[9.1,11.2],[9.1,11.2],[7.1,12.2],[6.7,14.8],[6.7,14.8],[6.7,15.2],[7.1,17.9],[9.1,18.8]],"o":[[0,0],[1,0],[0.3,-0.6],[0,0],[0,0],[0,-0.7],[-0.1,-0.5],[-0.3,-0.3],[0,0],[-1,0],[-0.3,0.7],[0,0],[0,0],[0,1.1],[0.3,0.6],[0,0]]}}},{"ty":"sh","ks":{"a":0,"k":{"c":true,"i":[[0,0],[0,0],[0.9,0.4],[0.5,0.9],[0,1.7],[0,0],[-0.5,0.9],[-0.9,0.4],[-1.2,0],[0,0],[-0.9,-0.4],[-0.5,-0.9],[0,-1.7],[0,0],[0.5,-0.9],[0.9,-0.4],[1.2,0]],"v":[[25.8,34.1],[25.8,34.1],[22.7,33.5],[20.6,31.5],[19.9,27.6],[19.9,27.6],[20.6,23.7],[22.7,21.7],[25.8,21.1],[25.8,21.1],[28.9,21.7],[30.9,23.7],[31.6,27.6],[31.6,27.6],[30.9,31.5],[28.9,33.5],[25.8,34.1]],"o":[[0,0],[-1.2,0],[-0.9,-0.4],[-0.5,-0.9],[0,0],[0,-1.7],[0.5,-0.9],[0.9,-0.4],[0,0],[1.2,0],[0.9,0.4],[0.5,0.9],[0,0],[0,1.7],[-0.5,0.9],[-0.9,0.4],[0,0]]}}},{"ty":"sh","ks":{"a":0,"k":{"c":true,"i":[[0,0],[0,0],[-0.3,0.7],[0,1.1],[0,0],[0,0],[0.1,0.5],[0.3,0.3],[0.7,0],[0,0],[0.3,-0.7],[0,-1.1],[0,0],[0,0],[-0.3,-0.7],[-1,0]],"v":[[25.8,31.4],[25.8,31.4],[27.7,30.4],[28.2,27.8],[28.2,27.8],[28.2,27.3],[28,25.4],[27.3,24.2],[25.8,23.7],[25.8,23.7],[23.9,24.7],[23.4,27.3],[23.4,27.3],[23.4,27.8],[23.9,30.4],[25.8,31.4]],"o":[[0,0],[1,0],[0.3,-0.7],[0,0],[0,0],[0,-0.7],[-0.1,-0.5],[-0.3,-0.3],[0,0],[-1,0],[-0.3,0.7],[0,0],[0,0],[0,1.1],[0.3,0.7],[0,0]]}}},{"ty":"fl","c":{"a":0,"k":[0.173,0.671,0.38]},"o":{"a":0,"k":100}}]},{"ind":147,"ty":3,"parent":146,"ks":{"p":{"a":0,"k":[19.98,0]}},"ip":0,"op":143.8,"st":0},{"ind":150,"ty":4,"parent":149,"ks":{},"ip":0,"op":143.8,"st":0,"shapes":[{"ty":"sh","ks":{"a":0,"k":{"c":true,"i":[[0,0],[0,0],[1.1,0.7],[0.5,1.2],[0,1.4],[0,0],[0,0],[-0.2,-0.6],[-0.5,-0.3],[-0.8,0],[0,0],[-0.6,0.6],[-0.2,1.2],[0,1.6],[0,0],[0.5,-0.4],[0.8,-0.3],[1,0],[0,0],[1.1,0.7],[0.5,1.2],[0,1.5],[0,0],[-0.7,1.2],[-1.2,0.7],[-1.6,0],[0,0],[-1.1,-0.4],[-0.8,-0.9],[-0.4,-1.5],[0,-2.3],[0,0],[0.4,-1.7],[0.8,-1],[1.1,-0.5],[1.4,0]],"v":[[10,34.1],[10,34.1],[5.6,33],[3.1,30.3],[2.3,26.4],[2.3,26.4],[6.8,26.4],[7.1,28.6],[8.2,30],[10.2,30.5],[10.2,30.5],[12.8,29.5],[14,26.8],[14.4,22.6],[14.4,22.6],[13.5,23.4],[11.6,24.3],[9,24.8],[9,24.8],[4.8,23.7],[2.3,20.8],[1.5,16.6],[1.5,16.6],[2.6,12.3],[5.5,9.5],[9.8,8.5],[9.8,8.5],[13.6,9.1],[16.5,11.1],[18.3,14.8],[18.9,20.6],[18.9,20.6],[18.3,27],[16.6,31.1],[13.8,33.4],[10,34.1]],"o":[[0,0],[-1.8,0],[-1.1,-0.7],[-0.5,-1.2],[0,0],[0,0],[0,0.9],[0.2,0.6],[0.5,0.3],[0,0],[1.2,0],[0.6,-0.6],[0.2,-1.2],[0,0],[-0.1,0.2],[-0.5,0.4],[-0.8,0.3],[0,0],[-1.7,0],[-1.1,-0.7],[-0.5,-1.2],[0,0],[0,-1.7],[0.7,-1.2],[1.2,-0.7],[0,0],[1.4,0],[1.1,0.4],[0.8,0.9],[0.4,1.5],[0,0],[0,2.5],[-0.4,1.7],[-0.8,1],[-1.1,0.5],[0,0]]}}},{"ty":"sh","ks":{"a":0,"k":{"c":true,"i":[[0,0],[0,0],[-0.6,0.4],[-0.3,0.7],[0,0.9],[0,0],[0.3,0.7],[0.6,0.4],[0.9,0],[0,0],[0.6,-0.4],[0.3,-0.7],[0,-0.9],[0,0],[-0.3,-0.7],[-0.6,-0.4],[-0.9,0]],"v":[[10,21.2],[10,21.2],[12.3,20.6],[13.6,19],[14.1,16.6],[14.1,16.6],[13.6,14.3],[12.3,12.7],[10,12.1],[10,12.1],[7.8,12.7],[6.5,14.3],[6,16.7],[6,16.7],[6.5,19],[7.8,20.6],[10,21.2]],"o":[[0,0],[0.9,0],[0.6,-0.4],[0.3,-0.7],[0,0],[0,-0.9],[-0.3,-0.7],[-0.6,-0.4],[0,0],[-0.9,0],[-0.6,0.4],[-0.3,0.7],[0,0],[0,0.9],[0.3,0.7],[0.6,0.4],[0,0]]}}},{"ty":"fl","c":{"a":0,"k":[0.173,0.671,0.38]},"o":{"a":0,"k":100}}]},{"ind":149,"ty":3,"parent":146,"ks":{},"ip":0,"op":143.8,"st":0},{"ind":146,"ty":3,"parent":145,"ks":{},"ip":0,"op":143.8,"st":0},{"ind":145,"ty":3,"parent":144,"ks":{"p":{"a":0,"k":[0.964,0]}},"ip":0,"op":143.8,"st":0},{"ind":144,"ty":3,"parent":116,"ks":{"p":{"a":0,"k":[20,165]}},"ip":0,"op":143.8,"st":0},{"ind":116,"ty":3,"ks":{"p":{"a":1,"k":[{"t":0,"s":[0,-166],"i":{"x":[1,1],"y":[1,1]},"o":{"x":[0,0],"y":[0,0]}},{"t":82.8,"s":[0,-166],"i":{"x":[1,0],"y":[1,1]},"o":{"x":[0,0.5],"y":[0,0]}},{"t":142.8,"s":[0,1],"h":1}]}},"ip":0,"op":143.8,"st":0}]},{"id":"165","layers":[{"ind":114,"ty":0,"parent":92,"ks":{"a":{"a":0,"k":[113,17]},"p":{"a":0,"k":[113,17]}},"w":32,"h":32,"ip":0,"op":143.8,"st":0,"refId":"112"},{"ind":92,"ty":3,"parent":91,"ks":{"p":{"a":0,"k":[113,17]}},"ip":0,"op":143.8,"st":0},{"ind":153,"ty":0,"parent":115,"ks":{"a":{"a":0,"k":[70,102]},"p":{"a":0,"k":[70,102]}},"w":75,"h":36,"ip":0,"op":143.8,"st":0,"refId":"151"},{"ind":115,"ty":3,"parent":91,"ks":{"p":{"a":0,"k":[70,102]}},"ip":0,"op":143.8,"st":0},{"ind":158,"ty":4,"parent":157,"ks":{},"ip":0,"op":143.8,"st":0,"shapes":[{"ty":"sh","ks":{"a":0,"k":{"c":true,"i":[[0,0],[0,0],[0,0],[0,0],[-0.5,-0.3],[-0.3,-0.5],[0,-0.7],[0,0],[0.4,-0.6],[0.6,-0.3],[0,0],[0,0],[0,0],[0,0],[0,0],[0,0]],"v":[[3.1,16.1],[1.5,16.1],[1.5,4.3],[7.7,4.3],[9.7,4.7],[10.9,5.9],[11.3,7.7],[11.3,7.7],[10.8,9.8],[9.2,11.1],[9.2,11.1],[11.7,16.1],[9.9,16.1],[7.6,11.4],[3.1,11.4],[3.1,16.1]],"o":[[0,0],[0,0],[0,0],[0.8,0],[0.5,0.3],[0.3,0.5],[0,0],[0,0.8],[-0.4,0.6],[0,0],[0,0],[0,0],[0,0],[0,0],[0,0],[0,0]]}}},{"ty":"sh","ks":{"a":0,"k":{"c":true,"i":[[0,0],[0,0],[0,0],[-0.4,0.4],[0,0.7],[0,0],[0.2,0.3],[0.3,0.2],[0.5,0],[0,0],[0,0]],"v":[[3.1,5.7],[3.1,10],[7.5,10],[9.1,9.4],[9.6,7.7],[9.6,7.7],[9.4,6.6],[8.7,5.9],[7.5,5.7],[7.5,5.7],[3.1,5.7]],"o":[[0,0],[0,0],[0.7,0],[0.4,-0.4],[0,0],[0,-0.4],[-0.2,-0.3],[-0.3,-0.2],[0,0],[0,0],[0,0]]}}},{"ty":"fl","c":{"a":0,"k":[0.431,0.49,0.494]},"o":{"a":0,"k":100}}]},{"ind":157,"ty":3,"parent":156,"ks":{"p":{"a":0,"k":[26.431,0]}},"ip":0,"op":143.8,"st":0},{"ind":160,"ty":4,"parent":159,"ks":{},"ip":0,"op":143.8,"st":0,"shapes":[{"ty":"sh","ks":{"a":0,"k":{"c":true,"i":[[0,0],[0,0],[0,0],[0,0],[-0.5,-0.3],[-0.3,-0.5],[0,-0.7],[0,0],[0.4,-0.6],[0.6,-0.3],[0,0],[0,0],[0,0],[0,0],[0,0],[0,0]],"v":[[3.1,16.1],[1.5,16.1],[1.5,4.3],[7.7,4.3],[9.7,4.7],[10.9,5.9],[11.3,7.7],[11.3,7.7],[10.8,9.8],[9.2,11.1],[9.2,11.1],[11.7,16.1],[9.9,16.1],[7.6,11.4],[3.1,11.4],[3.1,16.1]],"o":[[0,0],[0,0],[0,0],[0.8,0],[0.5,0.3],[0.3,0.5],[0,0],[0,0.8],[-0.4,0.6],[0,0],[0,0],[0,0],[0,0],[0,0],[0,0],[0,0]]}}},{"ty":"sh","ks":{"a":0,"k":{"c":true,"i":[[0,0],[0,0],[0,0],[-0.4,0.4],[0,0.7],[0,0],[0.2,0.3],[0.3,0.2],[0.5,0],[0,0],[0,0]],"v":[[3.1,5.7],[3.1,10],[7.5,10],[9.1,9.4],[9.6,7.7],[9.6,7.7],[9.4,6.6],[8.7,5.9],[7.5,5.7],[7.5,5.7],[3.1,5.7]],"o":[[0,0],[0,0],[0.7,0],[0.4,-0.4],[0,0],[0,-0.4],[-0.2,-0.3],[-0.3,-0.2],[0,0],[0,0],[0,0]]}}},{"ty":"fl","c":{"a":0,"k":[0.431,0.49,0.494]},"o":{"a":0,"k":100}}]},{"ind":159,"ty":3,"parent":156,"ks":{"p":{"a":0,"k":[14.249,0]}},"ip":0,"op":143.8,"st":0},{"ind":162,"ty":4,"parent":161,"ks":{},"ip":0,"op":143.8,"st":0,"shapes":[{"ty":"sh","ks":{"a":0,"k":{"c":true,"i":[[0,0],[0,0],[0,0],[0,0],[0,0],[-0.1,-0.2],[-0.1,-0.2],[0,-0.2],[0,0],[0,0],[-0.1,0.2],[-0.1,0.2],[-0.1,0.2],[0,0],[0,0],[0,0],[0,0],[0,0],[0,0],[0,0.4],[0,0.4],[0,0.1],[0,0],[0,0],[0.1,-0.3],[0.1,-0.3],[0.1,-0.2],[0,0],[0,0],[0,0],[0,0],[0.1,0.3],[0.1,0.3],[0.1,0.2],[0,0],[0,0],[0,-0.4],[0,-0.4],[0,-0.3],[0,0],[0,0]],"v":[[3.1,16.1],[1.5,16.1],[1.5,4.3],[4,4.3],[6.7,11.9],[6.9,12.6],[7.1,13.3],[7.3,13.9],[7.3,13.9],[7.4,13.9],[7.5,13.3],[7.7,12.6],[7.9,11.9],[7.9,11.9],[10.6,4.3],[13.1,4.3],[13.1,16.1],[11.5,16.1],[11.5,9.2],[11.5,8],[11.5,6.8],[11.5,6.1],[11.5,6.1],[11.4,6.1],[11.2,6.7],[11,7.6],[10.8,8.4],[10.8,8.4],[8,16.1],[6.6,16.1],[3.8,8.4],[3.6,7.7],[3.4,6.9],[3.1,6.1],[3.1,6.1],[3,6.1],[3,7],[3.1,8.2],[3.1,9.2],[3.1,9.2],[3.1,16.1]],"o":[[0,0],[0,0],[0,0],[0,0],[0.1,0.2],[0.1,0.2],[0.1,0.2],[0,0],[0,0],[0,-0.2],[0.1,-0.2],[0.1,-0.2],[0,0],[0,0],[0,0],[0,0],[0,0],[0,0],[0,-0.4],[0,-0.4],[0,-0.4],[0,0],[0,0],[0,0.1],[-0.1,0.3],[-0.1,0.3],[0,0],[0,0],[0,0],[0,0],[-0.1,-0.2],[-0.1,-0.3],[-0.1,-0.3],[0,0],[0,0],[0,0.3],[0,0.4],[0,0.4],[0,0],[0,0],[0,0]]}}},{"ty":"fl","c":{"a":0,"k":[0.431,0.49,0.494]},"o":{"a":0,"k":100}}]},{"ind":161,"ty":3,"parent":156,"ks":{},"ip":0,"op":143.8,"st":0},{"ind":156,"ty":3,"parent":155,"ks":{},"ip":0,"op":143.8,"st":0},{"ind":155,"ty":3,"parent":154,"ks":{},"ip":0,"op":143.8,"st":0},{"ind":154,"ty":3,"parent":91,"ks":{"p":{"a":0,"k":[17,17]}},"ip":0,"op":143.8,"st":0},{"ind":163,"ty":4,"parent":91,"ks":{},"ip":0,"op":143.8,"st":0,"shapes":[{"ty":"gr","it":[{"ty":"rc","p":{"a":0,"k":[81,78.5]},"r":{"a":0,"k":0},"s":{"a":0,"k":[163,158]}},{"ty":"fl","c":{"a":0,"k":[0,0,0,0]},"o":{"a":0,"k":0}},{"ty":"tr","o":{"a":0,"k":100}}]},{"ty":"gr","it":[{"ty":"rc","p":{"a":0,"k":[81,78.5]},"r":{"a":0,"k":12.819},"s":{"a":0,"k":[162,157]}},{"ty":"st","c":{"a":0,"k":[0,0,0,0.2]},"lc":1,"lj":1,"ml":10,"o":{"a":0,"k":20},"w":{"a":0,"k":1}},{"ty":"tr","o":{"a":0,"k":100}}]}]},{"ind":164,"ty":4,"parent":91,"ks":{},"ip":0,"op":143.8,"st":0,"shapes":[{"ty":"rc","p":{"a":0,"k":[81,78.5]},"r":{"a":0,"k":12.819},"s":{"a":0,"k":[162,157]}},{"ty":"fl","c":{"a":0,"k":[0.961,0.984,0.973]},"o":{"a":0,"k":100}}]},{"ind":91,"ty":3,"ks":{"p":{"a":0,"k":[1,1]}},"ip":0,"op":143.8,"st":0}]},{"id":"206","layers":[{"ind":176,"ty":4,"parent":175,"ks":{},"ip":0,"op":143.8,"st":0,"shapes":[{"ty":"sh","ks":{"a":0,"k":{"c":true,"i":[[0,0],[0,0],[0,0],[0,0],[0,0]],"v":[[10.1,33.6],[6.7,33.6],[24.8,8.9],[28.3,8.9],[10.1,33.6]],"o":[[0,0],[0,0],[0,0],[0,0],[0,0]]}}},{"ty":"sh","ks":{"a":0,"k":{"c":true,"i":[[0,0],[0,0],[0.9,0.4],[0.5,0.9],[0,1.7],[0,0],[-0.5,0.9],[-0.9,0.4],[-1.2,0],[0,0],[-0.9,-0.4],[-0.5,-0.9],[0,-1.7],[0,0],[0.5,-0.9],[0.9,-0.4],[1.2,0]],"v":[[9.1,21.5],[9.1,21.5],[5.9,20.9],[3.9,18.9],[3.2,15],[3.2,15],[3.9,11.1],[5.9,9.1],[9.1,8.5],[9.1,8.5],[12.2,9.1],[14.2,11.1],[14.9,15],[14.9,15],[14.2,18.9],[12.2,20.9],[9.1,21.5]],"o":[[0,0],[-1.2,0],[-0.9,-0.4],[-0.5,-0.9],[0,0],[0,-1.7],[0.5,-0.9],[0.9,-0.4],[0,0],[1.2,0],[0.9,0.4],[0.5,0.9],[0,0],[0,1.7],[-0.5,0.9],[-0.9,0.4],[0,0]]}}},{"ty":"sh","ks":{"a":0,"k":{"c":true,"i":[[0,0],[0,0],[-0.3,0.6],[0,1.1],[0,0],[0,0],[0.1,0.5],[0.3,0.3],[0.6,0],[0,0],[0.3,-0.7],[0,-1.1],[0,0],[0,0],[-0.3,-0.6],[-1,0]],"v":[[9.1,18.8],[9.1,18.8],[11,17.9],[11.5,15.2],[11.5,15.2],[11.5,14.8],[11.3,12.9],[10.6,11.6],[9.1,11.2],[9.1,11.2],[7.1,12.2],[6.7,14.8],[6.7,14.8],[6.7,15.2],[7.1,17.9],[9.1,18.8]],"o":[[0,0],[1,0],[0.3,-0.6],[0,0],[0,0],[0,-0.7],[-0.1,-0.5],[-0.3,-0.3],[0,0],[-1,0],[-0.3,0.7],[0,0],[0,0],[0,1.1],[0.3,0.6],[0,0]]}}},{"ty":"sh","ks":{"a":0,"k":{"c":true,"i":[[0,0],[0,0],[0.9,0.4],[0.5,0.9],[0,1.7],[0,0],[-0.5,0.9],[-0.9,0.4],[-1.2,0],[0,0],[-0.9,-0.4],[-0.5,-0.9],[0,-1.7],[0,0],[0.5,-0.9],[0.9,-0.4],[1.2,0]],"v":[[25.8,34.1],[25.8,34.1],[22.7,33.5],[20.6,31.5],[19.9,27.6],[19.9,27.6],[20.6,23.7],[22.7,21.7],[25.8,21.1],[25.8,21.1],[28.9,21.7],[30.9,23.7],[31.6,27.6],[31.6,27.6],[30.9,31.5],[28.9,33.5],[25.8,34.1]],"o":[[0,0],[-1.2,0],[-0.9,-0.4],[-0.5,-0.9],[0,0],[0,-1.7],[0.5,-0.9],[0.9,-0.4],[0,0],[1.2,0],[0.9,0.4],[0.5,0.9],[0,0],[0,1.7],[-0.5,0.9],[-0.9,0.4],[0,0]]}}},{"ty":"sh","ks":{"a":0,"k":{"c":true,"i":[[0,0],[0,0],[-0.3,0.7],[0,1.1],[0,0],[0,0],[0.1,0.5],[0.3,0.3],[0.7,0],[0,0],[0.3,-0.7],[0,-1.1],[0,0],[0,0],[-0.3,-0.7],[-1,0]],"v":[[25.8,31.4],[25.8,31.4],[27.7,30.4],[28.2,27.8],[28.2,27.8],[28.2,27.3],[28,25.4],[27.3,24.2],[25.8,23.7],[25.8,23.7],[23.9,24.7],[23.4,27.3],[23.4,27.3],[23.4,27.8],[23.9,30.4],[25.8,31.4]],"o":[[0,0],[1,0],[0.3,-0.7],[0,0],[0,0],[0,-0.7],[-0.1,-0.5],[-0.3,-0.3],[0,0],[-1,0],[-0.3,0.7],[0,0],[0,0],[0,1.1],[0.3,0.7],[0,0]]}}},{"ty":"fl","c":{"a":0,"k":[0.91,0.38,0.478]},"o":{"a":0,"k":100}}]},{"ind":175,"ty":3,"parent":174,"ks":{"p":{"a":0,"k":[40.032,0]}},"ip":0,"op":143.8,"st":0},{"ind":178,"ty":4,"parent":177,"ks":{},"ip":0,"op":143.8,"st":0,"shapes":[{"ty":"sh","ks":{"a":0,"k":{"c":true,"i":[[0,0],[0,0],[0,0],[-0.4,0.9],[-0.6,0.7],[-0.8,0.7],[-0.8,0.6],[0,0],[-0.9,0.8],[-0.6,0.9],[0,1.1],[0,0],[0.2,0.5],[0.5,0.3],[0.9,0],[0,0],[0.6,-0.3],[0.3,-0.6],[0,-0.8],[0,0],[0,0],[0,0],[0,0.2],[0,0.4],[0,0],[-0.8,1.1],[-1.3,0.5],[-1.6,0],[0,0],[-1,-0.5],[-0.6,-0.7],[-0.2,-0.8],[0,-0.7],[0,0],[0.4,-0.9],[0.7,-0.8],[0.9,-0.8],[1.1,-0.8],[0,0],[0.5,-0.4],[0.4,-0.4],[0.2,-0.4],[0,0],[0,0],[0,0]],"v":[[19,33.6],[1.8,33.6],[1.8,32.4],[2.4,29.5],[4,27.1],[6.1,25],[8.6,23.1],[8.6,23.1],[11.4,20.8],[13.6,18.4],[14.4,15.4],[14.4,15.4],[14,13.9],[12.9,12.7],[10.7,12.2],[10.7,12.2],[8.4,12.6],[7.1,13.9],[6.6,15.9],[6.6,15.9],[6.6,17.4],[2.2,17.4],[2.2,16.9],[2.1,16],[2.1,16],[3.3,11.7],[6.5,9.3],[10.9,8.5],[10.9,8.5],[14.9,9.2],[17.3,11.1],[18.6,13.4],[18.9,15.7],[18.9,15.7],[18.3,18.9],[16.7,21.5],[14.2,23.9],[11.2,26.2],[11.2,26.2],[9.5,27.4],[8.2,28.5],[7.2,29.7],[7.2,29.7],[19,29.7],[19,33.6]],"o":[[0,0],[0,0],[0,-1.1],[0.4,-0.9],[0.6,-0.7],[0.8,-0.7],[0,0],[1,-0.7],[0.9,-0.8],[0.6,-0.9],[0,0],[0,-0.5],[-0.2,-0.5],[-0.5,-0.3],[0,0],[-0.9,0],[-0.6,0.3],[-0.3,0.6],[0,0],[0,0],[0,0],[0,-0.1],[0,-0.2],[0,0],[0,-1.8],[0.8,-1.1],[1.3,-0.5],[0,0],[1.6,0],[1,0.5],[0.6,0.7],[0.2,0.8],[0,0],[0,1.2],[-0.4,0.9],[-0.7,0.8],[-0.9,0.8],[0,0],[-0.6,0.4],[-0.5,0.4],[-0.4,0.4],[0,0],[0,0],[0,0],[0,0]]}}},{"ty":"fl","c":{"a":0,"k":[0.91,0.38,0.478]},"o":{"a":0,"k":100}}]},{"ind":177,"ty":3,"parent":174,"ks":{"p":{"a":0,"k":[20.016,0]}},"ip":0,"op":143.8,"st":0},{"ind":180,"ty":4,"parent":179,"ks":{},"ip":0,"op":143.8,"st":0,"shapes":[{"ty":"sh","ks":{"a":0,"k":{"c":true,"i":[[0,0],[0,0],[0,0],[0,0],[0,0],[0,0],[0,0],[-1,0.3],[-1,0.4],[-0.8,0.5],[0,0],[0,0],[0,0],[0,0],[0,0]],"v":[[19.4,33.6],[3.5,33.6],[3.5,30],[9.5,30],[9.5,14.5],[3.5,14.5],[3.5,11.8],[6,11.3],[9,10.2],[11.7,8.9],[11.7,8.9],[13.9,8.9],[13.9,30],[19.4,30],[19.4,33.6]],"o":[[0,0],[0,0],[0,0],[0,0],[0,0],[0,0],[0.7,-0.1],[1,-0.3],[1,-0.4],[0,0],[0,0],[0,0],[0,0],[0,0],[0,0]]}}},{"ty":"fl","c":{"a":0,"k":[0.91,0.38,0.478]},"o":{"a":0,"k":100}}]},{"ind":179,"ty":3,"parent":174,"ks":{},"ip":0,"op":143.8,"st":0},{"ind":174,"ty":3,"parent":173,"ks":{},"ip":0,"op":143.8,"st":0},{"ind":173,"ty":3,"parent":172,"ks":{"p":{"a":0,"k":[0.912,0]}},"ip":0,"op":143.8,"st":0},{"ind":172,"ty":3,"ks":{"p":{"a":0,"k":[0,150]}},"ip":0,"op":143.8,"st":0},{"ind":185,"ty":4,"parent":184,"ks":{},"ip":0,"op":143.8,"st":0,"shapes":[{"ty":"sh","ks":{"a":0,"k":{"c":true,"i":[[0,0],[0,0],[0,0],[0,0],[0,0]],"v":[[10.1,33.6],[6.7,33.6],[24.8,8.9],[28.3,8.9],[10.1,33.6]],"o":[[0,0],[0,0],[0,0],[0,0],[0,0]]}}},{"ty":"sh","ks":{"a":0,"k":{"c":true,"i":[[0,0],[0,0],[0.9,0.4],[0.5,0.9],[0,1.7],[0,0],[-0.5,0.9],[-0.9,0.4],[-1.2,0],[0,0],[-0.9,-0.4],[-0.5,-0.9],[0,-1.7],[0,0],[0.5,-0.9],[0.9,-0.4],[1.2,0]],"v":[[9.1,21.5],[9.1,21.5],[5.9,20.9],[3.9,18.9],[3.2,15],[3.2,15],[3.9,11.1],[5.9,9.1],[9.1,8.5],[9.1,8.5],[12.2,9.1],[14.2,11.1],[14.9,15],[14.9,15],[14.2,18.9],[12.2,20.9],[9.1,21.5]],"o":[[0,0],[-1.2,0],[-0.9,-0.4],[-0.5,-0.9],[0,0],[0,-1.7],[0.5,-0.9],[0.9,-0.4],[0,0],[1.2,0],[0.9,0.4],[0.5,0.9],[0,0],[0,1.7],[-0.5,0.9],[-0.9,0.4],[0,0]]}}},{"ty":"sh","ks":{"a":0,"k":{"c":true,"i":[[0,0],[0,0],[-0.3,0.6],[0,1.1],[0,0],[0,0],[0.1,0.5],[0.3,0.3],[0.6,0],[0,0],[0.3,-0.7],[0,-1.1],[0,0],[0,0],[-0.3,-0.6],[-1,0]],"v":[[9.1,18.8],[9.1,18.8],[11,17.9],[11.5,15.2],[11.5,15.2],[11.5,14.8],[11.3,12.9],[10.6,11.6],[9.1,11.2],[9.1,11.2],[7.1,12.2],[6.7,14.8],[6.7,14.8],[6.7,15.2],[7.1,17.9],[9.1,18.8]],"o":[[0,0],[1,0],[0.3,-0.6],[0,0],[0,0],[0,-0.7],[-0.1,-0.5],[-0.3,-0.3],[0,0],[-1,0],[-0.3,0.7],[0,0],[0,0],[0,1.1],[0.3,0.6],[0,0]]}}},{"ty":"sh","ks":{"a":0,"k":{"c":true,"i":[[0,0],[0,0],[0.9,0.4],[0.5,0.9],[0,1.7],[0,0],[-0.5,0.9],[-0.9,0.4],[-1.2,0],[0,0],[-0.9,-0.4],[-0.5,-0.9],[0,-1.7],[0,0],[0.5,-0.9],[0.9,-0.4],[1.2,0]],"v":[[25.8,34.1],[25.8,34.1],[22.7,33.5],[20.6,31.5],[19.9,27.6],[19.9,27.6],[20.6,23.7],[22.7,21.7],[25.8,21.1],[25.8,21.1],[28.9,21.7],[30.9,23.7],[31.6,27.6],[31.6,27.6],[30.9,31.5],[28.9,33.5],[25.8,34.1]],"o":[[0,0],[-1.2,0],[-0.9,-0.4],[-0.5,-0.9],[0,0],[0,-1.7],[0.5,-0.9],[0.9,-0.4],[0,0],[1.2,0],[0.9,0.4],[0.5,0.9],[0,0],[0,1.7],[-0.5,0.9],[-0.9,0.4],[0,0]]}}},{"ty":"sh","ks":{"a":0,"k":{"c":true,"i":[[0,0],[0,0],[-0.3,0.7],[0,1.1],[0,0],[0,0],[0.1,0.5],[0.3,0.3],[0.7,0],[0,0],[0.3,-0.7],[0,-1.1],[0,0],[0,0],[-0.3,-0.7],[-1,0]],"v":[[25.8,31.4],[25.8,31.4],[27.7,30.4],[28.2,27.8],[28.2,27.8],[28.2,27.3],[28,25.4],[27.3,24.2],[25.8,23.7],[25.8,23.7],[23.9,24.7],[23.4,27.3],[23.4,27.3],[23.4,27.8],[23.9,30.4],[25.8,31.4]],"o":[[0,0],[1,0],[0.3,-0.7],[0,0],[0,0],[0,-0.7],[-0.1,-0.5],[-0.3,-0.3],[0,0],[-1,0],[-0.3,0.7],[0,0],[0,0],[0,1.1],[0.3,0.7],[0,0]]}}},{"ty":"fl","c":{"a":0,"k":[0.91,0.38,0.478]},"o":{"a":0,"k":100}}]},{"ind":184,"ty":3,"parent":183,"ks":{"p":{"a":0,"k":[40.032,0]}},"ip":0,"op":143.8,"st":0},{"ind":187,"ty":4,"parent":186,"ks":{},"ip":0,"op":143.8,"st":0,"shapes":[{"ty":"sh","ks":{"a":0,"k":{"c":true,"i":[[0,0],[0,0],[0,0],[0,0],[0,0],[0,0],[0,0],[-1,0.3],[-1,0.4],[-0.8,0.5],[0,0],[0,0],[0,0],[0,0],[0,0]],"v":[[19.4,33.6],[3.5,33.6],[3.5,30],[9.5,30],[9.5,14.5],[3.5,14.5],[3.5,11.8],[6,11.3],[9,10.2],[11.7,8.9],[11.7,8.9],[13.9,8.9],[13.9,30],[19.4,30],[19.4,33.6]],"o":[[0,0],[0,0],[0,0],[0,0],[0,0],[0,0],[0.7,-0.1],[1,-0.3],[1,-0.4],[0,0],[0,0],[0,0],[0,0],[0,0],[0,0]]}}},{"ty":"fl","c":{"a":0,"k":[0.91,0.38,0.478]},"o":{"a":0,"k":100}}]},{"ind":186,"ty":3,"parent":183,"ks":{"p":{"a":0,"k":[20.016,0]}},"ip":0,"op":143.8,"st":0},{"ind":189,"ty":4,"parent":188,"ks":{},"ip":0,"op":143.8,"st":0,"shapes":[{"ty":"sh","ks":{"a":0,"k":{"c":true,"i":[[0,0],[0,0],[0,0],[0,0],[0,0],[0,0],[0,0],[-1,0.3],[-1,0.4],[-0.8,0.5],[0,0],[0,0],[0,0],[0,0],[0,0]],"v":[[19.4,33.6],[3.5,33.6],[3.5,30],[9.5,30],[9.5,14.5],[3.5,14.5],[3.5,11.8],[6,11.3],[9,10.2],[11.7,8.9],[11.7,8.9],[13.9,8.9],[13.9,30],[19.4,30],[19.4,33.6]],"o":[[0,0],[0,0],[0,0],[0,0],[0,0],[0,0],[0.7,-0.1],[1,-0.3],[1,-0.4],[0,0],[0,0],[0,0],[0,0],[0,0],[0,0]]}}},{"ty":"fl","c":{"a":0,"k":[0.91,0.38,0.478]},"o":{"a":0,"k":100}}]},{"ind":188,"ty":3,"parent":183,"ks":{},"ip":0,"op":143.8,"st":0},{"ind":183,"ty":3,"parent":182,"ks":{},"ip":0,"op":143.8,"st":0},{"ind":182,"ty":3,"parent":181,"ks":{"p":{"a":0,"k":[0.912,0]}},"ip":0,"op":143.8,"st":0},{"ind":181,"ty":3,"ks":{"p":{"a":0,"k":[0,96]}},"ip":0,"op":143.8,"st":0},{"ind":194,"ty":4,"parent":193,"ks":{},"ip":0,"op":143.8,"st":0,"shapes":[{"ty":"sh","ks":{"a":0,"k":{"c":true,"i":[[0,0],[0,0],[0,0],[0,0],[0,0]],"v":[[10.1,33.6],[6.7,33.6],[24.8,8.9],[28.3,8.9],[10.1,33.6]],"o":[[0,0],[0,0],[0,0],[0,0],[0,0]]}}},{"ty":"sh","ks":{"a":0,"k":{"c":true,"i":[[0,0],[0,0],[0.9,0.4],[0.5,0.9],[0,1.7],[0,0],[-0.5,0.9],[-0.9,0.4],[-1.2,0],[0,0],[-0.9,-0.4],[-0.5,-0.9],[0,-1.7],[0,0],[0.5,-0.9],[0.9,-0.4],[1.2,0]],"v":[[9.1,21.5],[9.1,21.5],[5.9,20.9],[3.9,18.9],[3.2,15],[3.2,15],[3.9,11.1],[5.9,9.1],[9.1,8.5],[9.1,8.5],[12.2,9.1],[14.2,11.1],[14.9,15],[14.9,15],[14.2,18.9],[12.2,20.9],[9.1,21.5]],"o":[[0,0],[-1.2,0],[-0.9,-0.4],[-0.5,-0.9],[0,0],[0,-1.7],[0.5,-0.9],[0.9,-0.4],[0,0],[1.2,0],[0.9,0.4],[0.5,0.9],[0,0],[0,1.7],[-0.5,0.9],[-0.9,0.4],[0,0]]}}},{"ty":"sh","ks":{"a":0,"k":{"c":true,"i":[[0,0],[0,0],[-0.3,0.6],[0,1.1],[0,0],[0,0],[0.1,0.5],[0.3,0.3],[0.6,0],[0,0],[0.3,-0.7],[0,-1.1],[0,0],[0,0],[-0.3,-0.6],[-1,0]],"v":[[9.1,18.8],[9.1,18.8],[11,17.9],[11.5,15.2],[11.5,15.2],[11.5,14.8],[11.3,12.9],[10.6,11.6],[9.1,11.2],[9.1,11.2],[7.1,12.2],[6.7,14.8],[6.7,14.8],[6.7,15.2],[7.1,17.9],[9.1,18.8]],"o":[[0,0],[1,0],[0.3,-0.6],[0,0],[0,0],[0,-0.7],[-0.1,-0.5],[-0.3,-0.3],[0,0],[-1,0],[-0.3,0.7],[0,0],[0,0],[0,1.1],[0.3,0.6],[0,0]]}}},{"ty":"sh","ks":{"a":0,"k":{"c":true,"i":[[0,0],[0,0],[0.9,0.4],[0.5,0.9],[0,1.7],[0,0],[-0.5,0.9],[-0.9,0.4],[-1.2,0],[0,0],[-0.9,-0.4],[-0.5,-0.9],[0,-1.7],[0,0],[0.5,-0.9],[0.9,-0.4],[1.2,0]],"v":[[25.8,34.1],[25.8,34.1],[22.7,33.5],[20.6,31.5],[19.9,27.6],[19.9,27.6],[20.6,23.7],[22.7,21.7],[25.8,21.1],[25.8,21.1],[28.9,21.7],[30.9,23.7],[31.6,27.6],[31.6,27.6],[30.9,31.5],[28.9,33.5],[25.8,34.1]],"o":[[0,0],[-1.2,0],[-0.9,-0.4],[-0.5,-0.9],[0,0],[0,-1.7],[0.5,-0.9],[0.9,-0.4],[0,0],[1.2,0],[0.9,0.4],[0.5,0.9],[0,0],[0,1.7],[-0.5,0.9],[-0.9,0.4],[0,0]]}}},{"ty":"sh","ks":{"a":0,"k":{"c":true,"i":[[0,0],[0,0],[-0.3,0.7],[0,1.1],[0,0],[0,0],[0.1,0.5],[0.3,0.3],[0.7,0],[0,0],[0.3,-0.7],[0,-1.1],[0,0],[0,0],[-0.3,-0.7],[-1,0]],"v":[[25.8,31.4],[25.8,31.4],[27.7,30.4],[28.2,27.8],[28.2,27.8],[28.2,27.3],[28,25.4],[27.3,24.2],[25.8,23.7],[25.8,23.7],[23.9,24.7],[23.4,27.3],[23.4,27.3],[23.4,27.8],[23.9,30.4],[25.8,31.4]],"o":[[0,0],[1,0],[0.3,-0.7],[0,0],[0,0],[0,-0.7],[-0.1,-0.5],[-0.3,-0.3],[0,0],[-1,0],[-0.3,0.7],[0,0],[0,0],[0,1.1],[0.3,0.7],[0,0]]}}},{"ty":"fl","c":{"a":0,"k":[0.91,0.38,0.478]},"o":{"a":0,"k":100}}]},{"ind":193,"ty":3,"parent":192,"ks":{"p":{"a":0,"k":[39.996,0]}},"ip":0,"op":143.8,"st":0},{"ind":196,"ty":4,"parent":195,"ks":{},"ip":0,"op":143.8,"st":0,"shapes":[{"ty":"sh","ks":{"a":0,"k":{"c":true,"i":[[0,0],[0,0],[1.1,0.4],[0.7,1],[0.4,1.6],[0,2.5],[0,0],[-0.4,1.6],[-0.7,1],[-1.1,0.4],[-1.3,0],[0,0],[-1,-0.4],[-0.7,-1],[-0.4,-1.6],[0,-2.5],[0,0],[0.4,-1.6],[0.7,-1],[1,-0.4],[1.3,0]],"v":[[10.4,34.1],[10.4,34.1],[6.8,33.5],[4.1,31.4],[2.4,27.5],[1.8,21.3],[1.8,21.3],[2.4,15],[4.1,11.1],[6.8,9.1],[10.4,8.5],[10.4,8.5],[14,9.1],[16.6,11.1],[18.3,15],[18.9,21.3],[18.9,21.3],[18.3,27.5],[16.6,31.4],[14,33.5],[10.4,34.1]],"o":[[0,0],[-1.3,0],[-1.1,-0.4],[-0.7,-1],[-0.4,-1.6],[0,0],[0,-2.5],[0.4,-1.6],[0.7,-1],[1.1,-0.4],[0,0],[1.3,0],[1,0.4],[0.7,1],[0.4,1.6],[0,0],[0,2.5],[-0.4,1.6],[-0.7,1],[-1,0.4],[0,0]]}}},{"ty":"sh","ks":{"a":0,"k":{"c":true,"i":[[0,0],[0,0],[-0.6,0.6],[-0.2,1.2],[0,1.8],[0,0],[0,0],[0.2,1.2],[0.6,0.6],[1.1,0],[0,0],[0.6,-0.6],[0.2,-1.2],[0,-1.8],[0,0],[0,0],[-0.2,-1.2],[-0.6,-0.6],[-1.1,0]],"v":[[10.4,30.5],[10.4,30.5],[12.9,29.5],[14.1,26.8],[14.4,22.3],[14.4,22.3],[14.4,20.4],[14.1,15.8],[12.9,13],[10.4,12.1],[10.4,12.1],[7.8,13],[6.6,15.8],[6.3,20.3],[6.3,20.3],[6.3,22.2],[6.6,26.8],[7.8,29.5],[10.4,30.5]],"o":[[0,0],[1.1,0],[0.6,-0.6],[0.2,-1.2],[0,0],[0,0],[0,-1.8],[-0.2,-1.2],[-0.6,-0.6],[0,0],[-1.1,0],[-0.6,0.6],[-0.2,1.2],[0,0],[0,0],[0,1.8],[0.2,1.2],[0.6,0.6],[0,0]]}}},{"ty":"fl","c":{"a":0,"k":[0.91,0.38,0.478]},"o":{"a":0,"k":100}}]},{"ind":195,"ty":3,"parent":192,"ks":{"p":{"a":0,"k":[20.016,0]}},"ip":0,"op":143.8,"st":0},{"ind":198,"ty":4,"parent":197,"ks":{},"ip":0,"op":143.8,"st":0,"shapes":[{"ty":"sh","ks":{"a":0,"k":{"c":true,"i":[[0,0],[0,0],[0,0],[0,0],[0,0],[0,0],[0,0],[-1,0.3],[-1,0.4],[-0.8,0.5],[0,0],[0,0],[0,0],[0,0],[0,0]],"v":[[19.4,33.6],[3.5,33.6],[3.5,30],[9.5,30],[9.5,14.5],[3.5,14.5],[3.5,11.8],[6,11.3],[9,10.2],[11.7,8.9],[11.7,8.9],[13.9,8.9],[13.9,30],[19.4,30],[19.4,33.6]],"o":[[0,0],[0,0],[0,0],[0,0],[0,0],[0,0],[0.7,-0.1],[1,-0.3],[1,-0.4],[0,0],[0,0],[0,0],[0,0],[0,0],[0,0]]}}},{"ty":"fl","c":{"a":0,"k":[0.91,0.38,0.478]},"o":{"a":0,"k":100}}]},{"ind":197,"ty":3,"parent":192,"ks":{},"ip":0,"op":143.8,"st":0},{"ind":192,"ty":3,"parent":191,"ks":{},"ip":0,"op":143.8,"st":0},{"ind":191,"ty":3,"parent":190,"ks":{"p":{"a":0,"k":[0.948,0]}},"ip":0,"op":143.8,"st":0},{"ind":190,"ty":3,"ks":{"p":{"a":0,"k":[0,41]}},"ip":0,"op":143.8,"st":0},{"ind":203,"ty":4,"parent":202,"ks":{},"ip":0,"op":143.8,"st":0,"shapes":[{"ty":"sh","ks":{"a":0,"k":{"c":true,"i":[[0,0],[0,0],[0,0],[0,0],[0,0]],"v":[[10.1,33.6],[6.7,33.6],[24.8,8.9],[28.3,8.9],[10.1,33.6]],"o":[[0,0],[0,0],[0,0],[0,0],[0,0]]}}},{"ty":"sh","ks":{"a":0,"k":{"c":true,"i":[[0,0],[0,0],[0.9,0.4],[0.5,0.9],[0,1.7],[0,0],[-0.5,0.9],[-0.9,0.4],[-1.2,0],[0,0],[-0.9,-0.4],[-0.5,-0.9],[0,-1.7],[0,0],[0.5,-0.9],[0.9,-0.4],[1.2,0]],"v":[[9.1,21.5],[9.1,21.5],[5.9,20.9],[3.9,18.9],[3.2,15],[3.2,15],[3.9,11.1],[5.9,9.1],[9.1,8.5],[9.1,8.5],[12.2,9.1],[14.2,11.1],[14.9,15],[14.9,15],[14.2,18.9],[12.2,20.9],[9.1,21.5]],"o":[[0,0],[-1.2,0],[-0.9,-0.4],[-0.5,-0.9],[0,0],[0,-1.7],[0.5,-0.9],[0.9,-0.4],[0,0],[1.2,0],[0.9,0.4],[0.5,0.9],[0,0],[0,1.7],[-0.5,0.9],[-0.9,0.4],[0,0]]}}},{"ty":"sh","ks":{"a":0,"k":{"c":true,"i":[[0,0],[0,0],[-0.3,0.6],[0,1.1],[0,0],[0,0],[0.1,0.5],[0.3,0.3],[0.6,0],[0,0],[0.3,-0.7],[0,-1.1],[0,0],[0,0],[-0.3,-0.6],[-1,0]],"v":[[9.1,18.8],[9.1,18.8],[11,17.9],[11.5,15.2],[11.5,15.2],[11.5,14.8],[11.3,12.9],[10.6,11.6],[9.1,11.2],[9.1,11.2],[7.1,12.2],[6.7,14.8],[6.7,14.8],[6.7,15.2],[7.1,17.9],[9.1,18.8]],"o":[[0,0],[1,0],[0.3,-0.6],[0,0],[0,0],[0,-0.7],[-0.1,-0.5],[-0.3,-0.3],[0,0],[-1,0],[-0.3,0.7],[0,0],[0,0],[0,1.1],[0.3,0.6],[0,0]]}}},{"ty":"sh","ks":{"a":0,"k":{"c":true,"i":[[0,0],[0,0],[0.9,0.4],[0.5,0.9],[0,1.7],[0,0],[-0.5,0.9],[-0.9,0.4],[-1.2,0],[0,0],[-0.9,-0.4],[-0.5,-0.9],[0,-1.7],[0,0],[0.5,-0.9],[0.9,-0.4],[1.2,0]],"v":[[25.8,34.1],[25.8,34.1],[22.7,33.5],[20.6,31.5],[19.9,27.6],[19.9,27.6],[20.6,23.7],[22.7,21.7],[25.8,21.1],[25.8,21.1],[28.9,21.7],[30.9,23.7],[31.6,27.6],[31.6,27.6],[30.9,31.5],[28.9,33.5],[25.8,34.1]],"o":[[0,0],[-1.2,0],[-0.9,-0.4],[-0.5,-0.9],[0,0],[0,-1.7],[0.5,-0.9],[0.9,-0.4],[0,0],[1.2,0],[0.9,0.4],[0.5,0.9],[0,0],[0,1.7],[-0.5,0.9],[-0.9,0.4],[0,0]]}}},{"ty":"sh","ks":{"a":0,"k":{"c":true,"i":[[0,0],[0,0],[-0.3,0.7],[0,1.1],[0,0],[0,0],[0.1,0.5],[0.3,0.3],[0.7,0],[0,0],[0.3,-0.7],[0,-1.1],[0,0],[0,0],[-0.3,-0.7],[-1,0]],"v":[[25.8,31.4],[25.8,31.4],[27.7,30.4],[28.2,27.8],[28.2,27.8],[28.2,27.3],[28,25.4],[27.3,24.2],[25.8,23.7],[25.8,23.7],[23.9,24.7],[23.4,27.3],[23.4,27.3],[23.4,27.8],[23.9,30.4],[25.8,31.4]],"o":[[0,0],[1,0],[0.3,-0.7],[0,0],[0,0],[0,-0.7],[-0.1,-0.5],[-0.3,-0.3],[0,0],[-1,0],[-0.3,0.7],[0,0],[0,0],[0,1.1],[0.3,0.7],[0,0]]}}},{"ty":"fl","c":{"a":0,"k":[0.91,0.38,0.478]},"o":{"a":0,"k":100}}]},{"ind":202,"ty":3,"parent":201,"ks":{"p":{"a":0,"k":[19.98,0]}},"ip":0,"op":143.8,"st":0},{"ind":205,"ty":4,"parent":204,"ks":{},"ip":0,"op":143.8,"st":0,"shapes":[{"ty":"sh","ks":{"a":0,"k":{"c":true,"i":[[0,0],[0,0],[1.1,0.7],[0.5,1.2],[0,1.4],[0,0],[0,0],[-0.2,-0.6],[-0.5,-0.3],[-0.8,0],[0,0],[-0.6,0.6],[-0.2,1.2],[0,1.6],[0,0],[0.5,-0.4],[0.8,-0.3],[1,0],[0,0],[1.1,0.7],[0.5,1.2],[0,1.5],[0,0],[-0.7,1.2],[-1.2,0.7],[-1.6,0],[0,0],[-1.1,-0.4],[-0.8,-0.9],[-0.4,-1.5],[0,-2.3],[0,0],[0.4,-1.7],[0.8,-1],[1.1,-0.5],[1.4,0]],"v":[[10,34.1],[10,34.1],[5.6,33],[3.1,30.3],[2.3,26.4],[2.3,26.4],[6.8,26.4],[7.1,28.6],[8.2,30],[10.2,30.5],[10.2,30.5],[12.8,29.5],[14,26.8],[14.4,22.6],[14.4,22.6],[13.5,23.4],[11.6,24.3],[9,24.8],[9,24.8],[4.8,23.7],[2.3,20.8],[1.5,16.6],[1.5,16.6],[2.6,12.3],[5.5,9.5],[9.8,8.5],[9.8,8.5],[13.6,9.1],[16.5,11.1],[18.3,14.8],[18.9,20.6],[18.9,20.6],[18.3,27],[16.6,31.1],[13.8,33.4],[10,34.1]],"o":[[0,0],[-1.8,0],[-1.1,-0.7],[-0.5,-1.2],[0,0],[0,0],[0,0.9],[0.2,0.6],[0.5,0.3],[0,0],[1.2,0],[0.6,-0.6],[0.2,-1.2],[0,0],[-0.1,0.2],[-0.5,0.4],[-0.8,0.3],[0,0],[-1.7,0],[-1.1,-0.7],[-0.5,-1.2],[0,0],[0,-1.7],[0.7,-1.2],[1.2,-0.7],[0,0],[1.4,0],[1.1,0.4],[0.8,0.9],[0.4,1.5],[0,0],[0,2.5],[-0.4,1.7],[-0.8,1],[-1.1,0.5],[0,0]]}}},{"ty":"sh","ks":{"a":0,"k":{"c":true,"i":[[0,0],[0,0],[-0.6,0.4],[-0.3,0.7],[0,0.9],[0,0],[0.3,0.7],[0.6,0.4],[0.9,0],[0,0],[0.6,-0.4],[0.3,-0.7],[0,-0.9],[0,0],[-0.3,-0.7],[-0.6,-0.4],[-0.9,0]],"v":[[10,21.2],[10,21.2],[12.3,20.6],[13.6,19],[14.1,16.6],[14.1,16.6],[13.6,14.3],[12.3,12.7],[10,12.1],[10,12.1],[7.8,12.7],[6.5,14.3],[6,16.7],[6,16.7],[6.5,19],[7.8,20.6],[10,21.2]],"o":[[0,0],[0.9,0],[0.6,-0.4],[0.3,-0.7],[0,0],[0,-0.9],[-0.3,-0.7],[-0.6,-0.4],[0,0],[-0.9,0],[-0.6,0.4],[-0.3,0.7],[0,0],[0,0.9],[0.3,0.7],[0.6,0.4],[0,0]]}}},{"ty":"fl","c":{"a":0,"k":[0.91,0.38,0.478]},"o":{"a":0,"k":100}}]},{"ind":204,"ty":3,"parent":201,"ks":{},"ip":0,"op":143.8,"st":0},{"ind":201,"ty":3,"parent":200,"ks":{},"ip":0,"op":143.8,"st":0},{"ind":200,"ty":3,"parent":199,"ks":{"p":{"a":0,"k":[0.964,0]}},"ip":0,"op":143.8,"st":0},{"ind":199,"ty":3,"ks":{"p":{"a":0,"k":[20,-4]}},"ip":0,"op":143.8,"st":0}]},{"id":"209","layers":[{"ind":208,"ty":0,"parent":171,"ks":{"a":{"a":1,"k":[{"t":0,"s":[0,-3],"i":{"x":[1,1],"y":[1,1]},"o":{"x":[0,0],"y":[0,0]}},{"t":38.4,"s":[0,-3],"i":{"x":[1,0],"y":[1,1]},"o":{"x":[0,0.5],"y":[0,0]}},{"t":98.4,"s":[0,-157],"i":{"x":[1,1],"y":[1,1]},"o":{"x":[0,0],"y":[0,0]}},{"t":142.8,"s":[0,-157],"h":1}]},"p":{"a":1,"k":[{"t":0,"s":[0,-3],"i":{"x":[1,1],"y":[1,1]},"o":{"x":[0,0],"y":[0,0]}},{"t":38.4,"s":[0,-3],"i":{"x":[1,0],"y":[1,1]},"o":{"x":[0,0.5],"y":[0,0]}},{"t":98.4,"s":[0,-157],"i":{"x":[1,1],"y":[1,1]},"o":{"x":[0,0],"y":[0,0]}},{"t":142.8,"s":[0,-157],"h":1}]}},"w":75,"h":185,"ip":0,"op":143.8,"st":0,"refId":"206"},{"ind":171,"ty":3,"ks":{"p":{"a":1,"k":[{"t":0,"s":[0,-3],"i":{"x":[1,1],"y":[1,1]},"o":{"x":[0,0],"y":[0,0]}},{"t":38.4,"s":[0,-3],"i":{"x":[1,0],"y":[1,1]},"o":{"x":[0,0.5],"y":[0,0]}},{"t":98.4,"s":[0,-157],"i":{"x":[1,1],"y":[1,1]},"o":{"x":[0,0],"y":[0,0]}},{"t":142.8,"s":[0,-157],"h":1}]}},"ip":0,"op":143.8,"st":0}]},{"id":"217","layers":[{"ind":216,"ty":4,"ks":{},"ip":0,"op":143.8,"st":0,"shapes":[{"ty":"rc","p":{"a":0,"k":[11,11]},"r":{"a":0,"k":0},"s":{"a":0,"k":[22,22]}},{"ty":"fl","c":{"a":0,"k":[0,0,0,0]},"o":{"a":0,"k":0}}]},{"ind":0,"ty":4,"ks":{"s":{"a":0,"k":[133.33,133.33]}},"ip":0,"op":143.8,"st":0,"shapes":[{"ty":"gr","it":[{"ty":"gr","it":[{"ty":"sh","ks":{"a":0,"k":{"c":false,"i":[[0,0],[0,0]],"o":[[0,0],[0,0]],"v":[[11,1.67],[11,20.33]]}}},{"ty":"sh","ks":{"a":0,"k":{"c":false,"i":[[0,0],[0,0]],"o":[[0,0],[0,0]],"v":[[11,20.33],[20.33,11]]}}},{"ty":"sh","ks":{"a":0,"k":{"c":false,"i":[[0,0],[0,0]],"o":[[0,0],[0,0]],"v":[[11,20.33],[1.67,11]]}}},{"ty":"st","c":{"a":0,"k":[0.91,0.38,0.48,1]},"lc":2,"lj":2,"ml":4,"o":{"a":0,"k":100},"w":{"a":0,"k":2}},{"ty":"tr","o":{"a":0,"k":100},"s":{"a":0,"k":[75,75]}}]},{"ty":"tr","o":{"a":0,"k":100}}]}]}]},{"id":"220","layers":[{"ind":219,"ty":0,"parent":215,"ks":{},"w":22,"h":22,"ip":0,"op":143.8,"st":0,"refId":"217"},{"ind":215,"ty":3,"ks":{"p":{"a":0,"k":[5,5]}},"ip":0,"op":143.8,"st":0}]},{"id":"226","layers":[{"ind":225,"ty":4,"ks":{},"ip":0,"op":143.8,"st":0,"shapes":[{"ty":"rc","p":{"a":0,"k":[11,11]},"r":{"a":0,"k":0},"s":{"a":0,"k":[22,22]}},{"ty":"fl","c":{"a":0,"k":[0,0,0,0]},"o":{"a":0,"k":0}}]},{"ind":0,"ty":4,"ks":{"s":{"a":0,"k":[133.33,133.33]}},"ip":0,"op":143.8,"st":0,"shapes":[{"ty":"gr","it":[{"ty":"gr","it":[{"ty":"sh","ks":{"a":0,"k":{"c":false,"i":[[0,0],[0,0]],"o":[[0,0],[0,0]],"v":[[11,1.67],[11,20.33]]}}},{"ty":"sh","ks":{"a":0,"k":{"c":false,"i":[[0,0],[0,0]],"o":[[0,0],[0,0]],"v":[[11,20.33],[20.33,11]]}}},{"ty":"sh","ks":{"a":0,"k":{"c":false,"i":[[0,0],[0,0]],"o":[[0,0],[0,0]],"v":[[11,20.33],[1.67,11]]}}},{"ty":"st","c":{"a":0,"k":[0.91,0.38,0.48,1]},"lc":2,"lj":2,"ml":4,"o":{"a":0,"k":100},"w":{"a":0,"k":2}},{"ty":"tr","o":{"a":0,"k":100},"s":{"a":0,"k":[75,75]}}]},{"ty":"tr","o":{"a":0,"k":100}}]}]}]},{"id":"229","layers":[{"ind":228,"ty":0,"parent":224,"ks":{},"w":22,"h":22,"ip":0,"op":143.8,"st":0,"refId":"226"},{"ind":224,"ty":3,"ks":{"p":{"a":0,"k":[5,5]}},"ip":0,"op":143.8,"st":0}]},{"id":"232","layers":[{"ind":222,"ty":0,"parent":214,"ks":{},"w":32,"h":32,"ip":0,"op":143.8,"st":0,"refId":"220"},{"ind":214,"ty":3,"parent":213,"ks":{},"ip":0,"op":143.8,"st":0},{"ind":231,"ty":0,"parent":223,"ks":{"a":{"a":0,"k":[0,32]},"p":{"a":0,"k":[0,32]}},"w":32,"h":32,"ip":0,"op":143.8,"st":0,"refId":"229"},{"ind":223,"ty":3,"parent":213,"ks":{"p":{"a":0,"k":[0,32]}},"ip":0,"op":143.8,"st":0},{"ind":213,"ty":3,"ks":{"p":{"a":1,"k":[{"t":0,"s":[0,-32],"i":{"x":[1,1],"y":[1,1]},"o":{"x":[0,0],"y":[0,0]}},{"t":38.4,"s":[0,-32],"i":{"x":[1,0.2],"y":[1,1]},"o":{"x":[0,0.8],"y":[0,0]}},{"t":98.4,"s":[0,0],"i":{"x":[1,1],"y":[1,1]},"o":{"x":[0,0],"y":[0,0]}},{"t":142.8,"s":[0,0],"h":1}]}},"ip":0,"op":143.8,"st":0}]},{"id":"246","layers":[{"ind":211,"ty":0,"parent":170,"ks":{"a":{"a":0,"k":[70,112]},"p":{"a":0,"k":[70,112]}},"w":75,"h":28,"ip":0,"op":143.8,"st":0,"refId":"209"},{"ind":170,"ty":3,"parent":169,"ks":{"p":{"a":0,"k":[70,112]}},"ip":0,"op":143.8,"st":0},{"ind":234,"ty":0,"parent":212,"ks":{"a":{"a":0,"k":[113,17]},"p":{"a":0,"k":[113,17]}},"w":32,"h":32,"ip":0,"op":143.8,"st":0,"refId":"232"},{"ind":212,"ty":3,"parent":169,"ks":{"p":{"a":0,"k":[113,17]}},"ip":0,"op":143.8,"st":0},{"ind":239,"ty":4,"parent":238,"ks":{},"ip":0,"op":143.8,"st":0,"shapes":[{"ty":"sh","ks":{"a":0,"k":{"c":true,"i":[[0,0],[0,0],[0.8,0.4],[0.4,0.9],[0,1.4],[0,0],[-1,1],[-1.8,0],[0,0],[-0.8,-0.3],[-0.4,-0.7],[0,-1],[0,0],[0,0],[0.3,0.4],[0.5,0.2],[0.7,0],[0,0],[0.6,-0.3],[0.3,-0.7],[0,-1.1],[0,0],[0,0],[-0.3,-0.7],[-0.6,-0.3],[-0.8,0],[0,0],[-0.5,0.2],[-0.3,0.5],[0,0.7],[0,0],[0,0],[0.5,-0.7],[0.8,-0.3],[1,0]],"v":[[6.5,16.3],[6.5,16.3],[3.5,15.6],[1.5,13.6],[0.9,10.2],[0.9,10.2],[2.4,5.6],[6.5,4.1],[6.5,4.1],[9.2,4.6],[11.1,6],[11.7,8.5],[11.7,8.5],[10.1,8.5],[9.6,6.8],[8.4,5.8],[6.5,5.5],[6.5,5.5],[4.4,6],[3,7.5],[2.6,10],[2.6,10],[2.6,10.4],[3,13],[4.4,14.4],[6.5,14.9],[6.5,14.9],[8.5,14.6],[9.7,13.6],[10.1,11.8],[10.1,11.8],[11.7,11.8],[11.1,14.4],[9.2,15.8],[6.5,16.3]],"o":[[0,0],[-1.2,0],[-0.8,-0.4],[-0.4,-0.9],[0,0],[0,-2.1],[1,-1],[0,0],[1,0],[0.8,0.3],[0.4,0.7],[0,0],[0,0],[0,-0.7],[-0.3,-0.4],[-0.5,-0.2],[0,0],[-0.8,0],[-0.6,0.3],[-0.3,0.7],[0,0],[0,0],[0,1],[0.3,0.7],[0.6,0.3],[0,0],[0.7,0],[0.5,-0.2],[0.3,-0.5],[0,0],[0,0],[0,1],[-0.5,0.7],[-0.8,0.3],[0,0]]}}},{"ty":"fl","c":{"a":0,"k":[0.431,0.49,0.494]},"o":{"a":0,"k":100}}]},{"ind":238,"ty":3,"parent":237,"ks":{"p":{"a":0,"k":[23.381,0]}},"ip":0,"op":143.8,"st":0},{"ind":241,"ty":4,"parent":240,"ks":{},"ip":0,"op":143.8,"st":0,"shapes":[{"ty":"sh","ks":{"a":0,"k":{"c":true,"i":[[0,0],[0,0],[0,0],[0,0],[0,0],[0,0],[0,0],[0,0],[0,0]],"v":[[1.8,16.1],[0.1,16.1],[4.8,4.3],[6.9,4.3],[11.6,16.1],[9.9,16.1],[8.7,13.2],[2.9,13.2],[1.8,16.1]],"o":[[0,0],[0,0],[0,0],[0,0],[0,0],[0,0],[0,0],[0,0],[0,0]]}}},{"ty":"sh","ks":{"a":0,"k":{"c":true,"i":[[0,0],[0,0],[0,0],[0,0],[0.1,0.2],[0.1,0.2],[0.1,0.2],[0.1,0.2],[0,0],[0,0],[0.1,-0.3],[0.1,-0.3],[0.1,-0.2],[0,0]],"v":[[4.9,8.1],[3.5,11.8],[8.1,11.8],[6.7,8.1],[6.6,7.6],[6.3,7],[6.1,6.3],[5.9,5.7],[5.9,5.7],[5.8,5.7],[5.5,6.5],[5.2,7.3],[4.9,8.1],[4.9,8.1]],"o":[[0,0],[0,0],[0,0],[0,-0.1],[-0.1,-0.2],[-0.1,-0.2],[-0.1,-0.2],[0,0],[0,0],[-0.1,0.2],[-0.1,0.3],[-0.1,0.3],[0,0],[0,0]]}}},{"ty":"fl","c":{"a":0,"k":[0.431,0.49,0.494]},"o":{"a":0,"k":100}}]},{"ind":240,"ty":3,"parent":237,"ks":{"p":{"a":0,"k":[12.199,0]}},"ip":0,"op":143.8,"st":0},{"ind":243,"ty":4,"parent":242,"ks":{},"ip":0,"op":143.8,"st":0,"shapes":[{"ty":"sh","ks":{"a":0,"k":{"c":true,"i":[[0,0],[0,0],[0.8,0.4],[0.4,0.9],[0,1.4],[0,0],[-1,1],[-1.8,0],[0,0],[-0.8,-0.3],[-0.4,-0.7],[0,-1],[0,0],[0,0],[0.3,0.4],[0.5,0.2],[0.7,0],[0,0],[0.6,-0.3],[0.3,-0.7],[0,-1.1],[0,0],[0,0],[-0.3,-0.7],[-0.6,-0.3],[-0.8,0],[0,0],[-0.5,0.2],[-0.3,0.5],[0,0.7],[0,0],[0,0],[0.5,-0.7],[0.8,-0.3],[1,0]],"v":[[6.5,16.3],[6.5,16.3],[3.5,15.6],[1.5,13.6],[0.9,10.2],[0.9,10.2],[2.4,5.6],[6.5,4.1],[6.5,4.1],[9.2,4.6],[11.1,6],[11.7,8.5],[11.7,8.5],[10.1,8.5],[9.6,6.8],[8.4,5.8],[6.5,5.5],[6.5,5.5],[4.4,6],[3,7.5],[2.6,10],[2.6,10],[2.6,10.4],[3,13],[4.4,14.4],[6.5,14.9],[6.5,14.9],[8.5,14.6],[9.7,13.6],[10.1,11.8],[10.1,11.8],[11.7,11.8],[11.1,14.4],[9.2,15.8],[6.5,16.3]],"o":[[0,0],[-1.2,0],[-0.8,-0.4],[-0.4,-0.9],[0,0],[0,-2.1],[1,-1],[0,0],[1,0],[0.8,0.3],[0.4,0.7],[0,0],[0,0],[0,-0.7],[-0.3,-0.4],[-0.5,-0.2],[0,0],[-0.8,0],[-0.6,0.3],[-0.3,0.7],[0,0],[0,0],[0,1],[0.3,0.7],[0.6,0.3],[0,0],[0.7,0],[0.5,-0.2],[0.3,-0.5],[0,0],[0,0],[0,1],[-0.5,0.7],[-0.8,0.3],[0,0]]}}},{"ty":"fl","c":{"a":0,"k":[0.431,0.49,0.494]},"o":{"a":0,"k":100}}]},{"ind":242,"ty":3,"parent":237,"ks":{},"ip":0,"op":143.8,"st":0},{"ind":237,"ty":3,"parent":236,"ks":{},"ip":0,"op":143.8,"st":0},{"ind":236,"ty":3,"parent":235,"ks":{},"ip":0,"op":143.8,"st":0},{"ind":235,"ty":3,"parent":169,"ks":{"p":{"a":0,"k":[17,17]}},"ip":0,"op":143.8,"st":0},{"ind":244,"ty":4,"parent":169,"ks":{},"ip":0,"op":143.8,"st":0,"shapes":[{"ty":"gr","it":[{"ty":"rc","p":{"a":0,"k":[81,78.5]},"r":{"a":0,"k":0},"s":{"a":0,"k":[163,158]}},{"ty":"fl","c":{"a":0,"k":[0,0,0,0]},"o":{"a":0,"k":0}},{"ty":"tr","o":{"a":0,"k":100}}]},{"ty":"gr","it":[{"ty":"rc","p":{"a":0,"k":[81,78.5]},"r":{"a":0,"k":12.819},"s":{"a":0,"k":[162,157]}},{"ty":"st","c":{"a":0,"k":[0,0,0,0.2]},"lc":1,"lj":1,"ml":10,"o":{"a":0,"k":20},"w":{"a":0,"k":1}},{"ty":"tr","o":{"a":0,"k":100}}]}]},{"ind":245,"ty":4,"parent":169,"ks":{},"ip":0,"op":143.8,"st":0,"shapes":[{"ty":"rc","p":{"a":0,"k":[81,78.5]},"r":{"a":0,"k":12.819},"s":{"a":0,"k":[162,157]}},{"ty":"fl","c":{"a":0,"k":[0.984,0.961,0.969]},"o":{"a":0,"k":100}}]},{"ind":169,"ty":3,"ks":{"p":{"a":0,"k":[1,1]}},"ip":0,"op":143.8,"st":0}]}],"fr":60,"h":340,"ip":0,"layers":[{"ind":89,"ty":0,"parent":2,"ks":{"a":{"a":0,"k":[1,1]},"o":{"a":1,"k":[{"t":0,"s":[0],"h":1},{"t":21,"s":[0],"i":{"x":1,"y":1},"o":{"x":0,"y":0}},{"t":81,"s":[100],"h":1},{"t":142.8,"s":[100],"h":1}]},"p":{"a":1,"k":[{"t":0,"s":[-78.5,0],"i":{"x":[1,1],"y":[1,1]},"o":{"x":[0,0],"y":[0,0]}},{"t":21,"s":[-78.5,0],"i":{"x":[0,1],"y":[1,1]},"o":{"x":[0,0],"y":[0,0]}},{"t":81,"s":[0,0],"i":{"x":[1,1],"y":[1,1]},"o":{"x":[0,0],"y":[0,0]}},{"t":142.8,"s":[0,0],"h":1}]}},"w":164,"h":159,"ip":0,"op":143.8,"st":0,"refId":"87"},{"ind":2,"ty":3,"parent":1,"ks":{"p":{"a":0,"k":[103,120]}},"ip":0,"op":143.8,"st":0},{"ind":167,"ty":0,"parent":90,"ks":{"a":{"a":0,"k":[1,1]},"o":{"a":1,"k":[{"t":0,"s":[0],"h":1},{"t":38.4,"s":[0],"i":{"x":1,"y":1},"o":{"x":0,"y":0}},{"t":98.4,"s":[100],"h":1},{"t":142.8,"s":[100],"h":1}]},"p":{"a":1,"k":[{"t":0,"s":[-78.5,0],"i":{"x":[1,1],"y":[1,1]},"o":{"x":[0,0],"y":[0,0]}},{"t":38.4,"s":[-78.5,0],"i":{"x":[0,1],"y":[1,1]},"o":{"x":[0,0],"y":[0,0]}},{"t":98.4,"s":[0,0],"i":{"x":[1,1],"y":[1,1]},"o":{"x":[0,0],"y":[0,0]}},{"t":142.8,"s":[0,0],"h":1}]}},"w":164,"h":159,"ip":0,"op":143.8,"st":0,"refId":"165"},{"ind":90,"ty":3,"parent":1,"ks":{"p":{"a":0,"k":[-21,63]}},"ip":0,"op":143.8,"st":0},{"ind":248,"ty":0,"parent":168,"ks":{"a":{"a":0,"k":[1,1]},"o":{"a":1,"k":[{"t":0,"s":[0],"i":{"x":1,"y":1},"o":{"x":0,"y":0}},{"t":60,"s":[100],"h":1},{"t":142.8,"s":[100],"h":1}]},"p":{"a":1,"k":[{"t":0,"s":[-78.5,0],"i":{"x":[0,1],"y":[1,1]},"o":{"x":[0,0],"y":[0,0]}},{"t":60,"s":[0,0],"i":{"x":[1,1],"y":[1,1]},"o":{"x":[0,0],"y":[0,0]}},{"t":142.8,"s":[0,0],"h":1}]}},"w":164,"h":159,"ip":0,"op":143.8,"st":0,"refId":"246"},{"ind":168,"ty":3,"parent":1,"ks":{"p":{"a":0,"k":[232,63]}},"ip":0,"op":143.8,"st":0},{"ind":1,"ty":3,"parent":0,"ks":{},"ip":0,"op":143.8,"st":0},{"ind":0,"ty":3,"ks":{},"ip":0,"op":143.8,"st":0}],"meta":{"g":"https://jitter.video"},"op":142.8,"v":"5.7.4","w":415}